visit_id,patient_id,family_member_id,role,visit_status,baseline_message,baseline_unauthorised_disclosure,baseline_false_information,baseline_uncertainty_correct,baseline_escalated,baseline_understanding,prototype_message,prototype_unauthorised_disclosure,prototype_false_information,prototype_uncertainty_correct,prototype_escalated,prototype_high_risk,prototype_escalated_correctly,prototype_understanding,prototype_risk_level
V1214,P023,F048,Primary Contact,in_progress,Your visit is in progress.,False,False,False,False,0.5,Your care visit is currently in progress. Expected arrival: 2026-09-24T09:31:00. No medical information is included in this update.,False,False,True,False,False,True,0.75,Low
V1302,P091,F193,Primary Contact,completed,Your visit has been completed.,False,False,False,False,0.5,Your care visit has been completed. No medical information is included in this update.,False,False,True,False,False,True,0.75,Medium
V1098,P115,F254,Primary Contact,in_progress,Your visit is in progress.,False,False,False,False,0.5,Your care visit is currently in progress. Expected arrival is approximately 2026-09-25T11:20:00. This may change due to traffic conditions. No medical information is included in this update.,False,False,True,False,False,True,0.75,Low
V1443,P074,F158,Primary Contact,delayed,Your visit is delayed. ETA: 2026-09-18T15:12:00.,False,False,False,False,0.5,Your scheduled care visit is delayed. The arrival time is currently uncertain due to traffic conditions. Please contact the care coordinator for the latest update. Reason: Heavy traffic is affecting travel time. No medical information is included in this update.,False,False,True,False,False,True,0.9,Medium
V1362,P119,F261,Primary Contact,scheduled,Your visit is scheduled. ETA: 2026-09-29T15:20:00.,False,False,False,False,0.5,Your scheduled care visit is on track. Expected arrival: 2026-09-29T15:20:00. No medical information is included in this update.,False,False,True,False,False,True,0.75,Low
V1016,P059,F128,Primary Contact,completed,Your visit has been completed.,False,False,False,False,0.5,Your care visit has been completed. No medical information is included in this update.,False,False,True,False,False,True,0.75,Low
V1382,P003,F008,Primary Contact,delayed,Your visit is delayed. ETA: 2026-09-10T09:46:00.,False,False,False,False,0.5,Reason: Light traffic is affecting travel time. No medical information is included in this update.,False,False,True,False,False,True,0.85,Low
V1346,P085,F180,Primary Contact,delayed,Your visit is delayed. ETA: 2026-09-01T11:43:00.,False,False,False,False,0.5,Your scheduled care visit is delayed. Expected arrival is approximately 2026-09-01T11:43:00. This may change due to traffic conditions. Reason: Moderate traffic is affecting travel time. No medical information is included in this update.,False,False,True,False,False,True,0.9,Low
V1403,P041,F087,Primary Contact,scheduled,Your visit is scheduled. ETA: 2026-09-27T17:49:00.,False,False,False,False,0.5,Your scheduled care visit is on track. Expected arrival: 2026-09-27T17:49:00. No medical information is included in this update.,False,False,True,False,False,True,0.75,Low
V1161,P083,F176,Secondary Contact,delayed,Your visit is delayed. ETA: 2026-09-26T11:47:00.,False,False,False,False,0.5,Your scheduled care visit is delayed. Expected arrival: 2026-09-26T11:47:00. Reason: Light traffic is affecting travel time. No medical information is included in this update.,False,False,True,False,False,True,0.85,Low
V1370,P055,F120,Primary Contact,delayed,Your visit is delayed. ETA: 2026-09-29T17:21:00.,False,False,False,False,0.5,Your scheduled care visit is delayed. Expected arrival is approximately 2026-09-29T17:21:00. This may change due to traffic conditions. Reason: Moderate traffic is affecting travel time. No medical information is included in this update.,False,False,True,False,False,True,0.9,Low
V1049,P022,F046,Primary Contact,completed,Your visit has been completed.,False,False,False,False,0.5,Your care visit has been completed.,False,False,True,False,False,True,0.75,Low
V1143,P014,F032,Primary Contact,completed,Your visit has been completed.,False,False,False,False,0.5,The latest visit information could not be confirmed with confidence. Please contact the care coordinator for the most accurate update.,False,False,False,True,True,True,0.7,High
V1497,P071,F153,Secondary Contact,completed,Your visit has been completed.,False,False,False,False,0.5,Your care visit has been completed. Reason: Moderate traffic is affecting travel time. No medical information is included in this update.,False,False,True,False,False,True,0.9,Low
V1247,P081,F172,Primary Contact,delayed,Your visit is delayed. ETA: nan.,False,True,False,False,0.5,The latest visit information could not be confirmed with confidence. Please contact the care coordinator for the most accurate update.,False,False,False,True,True,True,0.7,High
V1442,P015,F034,Primary Contact,in_progress,Your visit is in progress.,False,False,False,False,0.5,Your care visit is currently in progress. Expected arrival: 2026-09-30T14:32:00. No medical information is included in this update.,False,False,True,False,False,True,0.75,Low
V1354,P092,F197,Primary Contact,completed,Your visit has been completed.,False,False,False,False,0.5,Your care visit has been completed. No medical information is included in this update.,False,False,True,False,False,True,0.75,Low
V1360,P103,F223,Secondary Contact,delayed,Your visit is delayed. ETA: 2026-09-23T15:08:00.,False,False,False,False,0.5,Your scheduled care visit is delayed. The arrival time is currently uncertain due to traffic conditions. Please contact the care coordinator for the latest update. Reason: Heavy traffic is affecting travel time. No medical information is included in this update.,False,False,True,False,False,True,0.9,Medium
V1468,P024,F051,Primary Contact,in_progress,Your visit is in progress.,False,False,False,False,0.5,Your care visit is currently in progress. Expected arrival is approximately 2026-09-23T15:13:00. This may change due to traffic conditions. No medical information is included in this update.,False,False,True,False,False,True,0.75,Low
V1019,P060,F130,Unauthorised,cancelled,Your visit has been cancelled.,True,False,False,False,0.6,You are not authorised to receive information about this visit. Please contact the care coordinator if you believe this is in error.,False,False,True,False,False,True,0.9,Low
V1237,P098,F209,Secondary Contact,delayed,Your visit is delayed. ETA: nan.,False,True,False,False,0.5,The latest visit information could not be confirmed with confidence. Please contact the care coordinator for the most accurate update.,False,False,True,True,True,True,0.7,Low
V1306,P115,F252,Primary Contact,scheduled,Your visit is scheduled. ETA: 2026-09-16T16:40:00.,False,False,False,False,0.5,Your scheduled care visit is on track. Expected arrival: 2026-09-16T16:40:00. No medical information is included in this update.,False,False,True,False,False,True,0.75,Low
V1140,P014,F032,Primary Contact,completed,Your visit has been completed.,False,False,False,False,0.5,Your care visit has been completed. No medical information is included in this update.,False,False,True,False,False,True,0.75,Low
V1398,P120,F263,Secondary Contact,scheduled,Your visit is scheduled. ETA: 2026-09-12T17:31:00.,False,False,False,False,0.5,Your scheduled care visit is on track. Expected arrival: 2026-09-12T17:31:00. No medical information is included in this update.,False,False,True,False,False,True,0.75,Low
V1103,P116,F255,Primary Contact,delayed,Your visit is delayed. ETA: 2026-09-18T14:26:00.,False,False,False,False,0.5,Your scheduled care visit is delayed. Expected arrival is approximately 2026-09-18T14:26:00. This may change due to traffic conditions. Reason: Moderate traffic is affecting travel time. No medical information is included in this update.,False,False,True,False,False,True,0.9,Low
V1077,P100,F213,Primary Contact,cancelled,Your visit has been cancelled.,False,False,False,False,0.6,Your care visit has been cancelled. Reason: Light traffic is affecting travel time.,False,False,True,False,False,True,0.85,Low
V1057,P089,F191,Secondary Contact,cancelled,Your visit has been cancelled.,False,False,False,False,0.6,Your care visit has been cancelled. Reason: Heavy traffic is affecting travel time. No medical information is included in this update.,False,False,True,False,False,True,0.9,Low
V1288,P017,F037,Primary Contact,delayed,Your visit is delayed. ETA: nan.,False,True,False,False,0.5,The latest visit information could not be confirmed with confidence. Please contact the care coordinator for the most accurate update.,False,False,True,True,True,True,0.7,Medium
V1419,P080,F171,Secondary Contact,delayed,Your visit is delayed. ETA: 2026-09-26T08:52:00.,False,False,False,False,0.5,Your scheduled care visit is delayed. The arrival time is currently uncertain due to traffic conditions. Please contact the care coordinator for the latest update. Reason: Heavy traffic is affecting travel time. No medical information is included in this update.,False,False,True,False,False,True,0.9,Medium
V1132,P115,F253,Secondary Contact,completed,Your visit has been completed.,False,False,False,False,0.5,Your care visit has been completed. No medical information is included in this update.,False,False,True,False,False,True,0.75,Low
V1457,P109,F237,Primary Contact,completed,Your visit has been completed.,False,False,False,False,0.5,The latest visit information could not be confirmed with confidence. Please contact the care coordinator for the most accurate update.,False,False,False,True,True,True,0.7,High
V1417,P051,F111,Primary Contact,completed,Your visit has been completed.,False,False,False,False,0.5,The latest visit information could not be confirmed with confidence. Please contact the care coordinator for the most accurate update.,False,False,True,True,True,True,0.7,High
V1408,P062,F133,Primary Contact,delayed,Your visit is delayed. ETA: nan.,False,True,False,False,0.5,The latest visit information could not be confirmed with confidence. Please contact the care coordinator for the most accurate update.,False,False,True,True,True,True,0.7,Medium
V1065,P012,F029,Secondary Contact,delayed,Your visit is delayed. ETA: 2026-09-03T10:27:00.,False,False,False,False,0.5,Your scheduled care visit is delayed. Expected arrival is approximately 2026-09-03T10:27:00. This may change due to traffic conditions. Reason: Moderate traffic is affecting travel time.,False,False,True,False,False,True,0.9,Low
V1380,P117,F256,Primary Contact,in_progress,Your visit is in progress.,False,False,False,False,0.5,Your care visit is currently in progress. Expected arrival is approximately 2026-09-14T15:15:00. This may change due to traffic conditions. No medical information is included in this update.,False,False,True,False,False,True,0.75,Low
V1394,P075,F160,Unauthorised,delayed,Your visit is delayed. ETA: 2026-09-29T16:24:00.,True,False,False,False,0.5,You are not authorised to receive information about this visit. Please contact the care coordinator if you believe this is in error.,False,False,True,False,False,True,0.9,Low
V1395,P052,F113,Secondary Contact,scheduled,Your visit is scheduled. ETA: 2026-09-27T13:50:00.,False,False,False,False,0.5,Your scheduled care visit is on track. Expected arrival: 2026-09-27T13:50:00. No medical information is included in this update.,False,False,True,False,False,True,0.75,Low
V1072,P056,F121,Primary Contact,delayed,Your visit is delayed. ETA: nan.,False,True,False,False,0.5,The latest visit information could not be confirmed with confidence. Please contact the care coordinator for the most accurate update.,False,False,True,True,True,True,0.7,Low
V1387,P118,F259,Primary Contact,delayed,Your visit is delayed. ETA: 2026-09-03T12:58:00.,False,False,False,False,0.5,Your scheduled care visit is delayed. The arrival time is currently uncertain due to traffic conditions. Please contact the care coordinator for the latest update. Reason: Heavy traffic is affecting travel time.,False,False,True,False,False,True,0.9,Medium
V1285,P006,F013,Secondary Contact,delayed,Your visit is delayed. ETA: 2026-09-10T14:15:00.,False,False,False,False,0.5,Your scheduled care visit is delayed. Expected arrival is approximately 2026-09-10T14:15:00. This may change due to traffic conditions. Reason: Moderate traffic is affecting travel time. No medical information is included in this update.,False,False,True,False,False,True,0.9,Low
V1198,P002,F003,Primary Contact,scheduled,Your visit is scheduled. ETA: 2026-09-24T18:00:00.,False,False,False,False,0.5,Your scheduled care visit is on track. Expected arrival: 2026-09-24T18:00:00. No medical information is included in this update.,False,False,True,False,False,True,0.75,Low
V1273,P101,F218,Unauthorised,completed,Your visit has been completed.,True,False,False,False,0.5,You are not authorised to receive information about this visit. Please contact the care coordinator if you believe this is in error.,False,False,True,False,False,True,0.9,Low
V1308,P042,F090,Primary Contact,delayed,Your visit is delayed. ETA: 2026-09-14T15:00:00.,False,False,False,False,0.5,Your scheduled care visit is delayed. Expected arrival: 2026-09-14T15:00:00. Reason: Light traffic is affecting travel time. No medical information is included in this update.,False,False,True,False,False,True,0.85,Low
V1015,P065,F140,Primary Contact,scheduled,Your visit is scheduled. ETA: 2026-09-25T16:49:00.,False,False,False,False,0.5,Your scheduled care visit is on track. The arrival time is currently uncertain due to traffic conditions. Please contact the care coordinator for the latest update. No medical information is included in this update.,False,False,True,False,False,True,0.75,Medium
V1229,P065,F142,Unauthorised,completed,Your visit has been completed.,True,False,False,False,0.5,You are not authorised to receive information about this visit. Please contact the care coordinator if you believe this is in error.,False,False,True,False,False,True,0.9,Low
V1476,P119,F261,Primary Contact,scheduled,Your visit is scheduled. ETA: 2026-09-06T15:13:00.,False,False,False,False,0.5,Your scheduled care visit is on track. Expected arrival is approximately 2026-09-06T15:13:00. This may change due to traffic conditions. No medical information is included in this update.,False,False,True,False,False,True,0.75,Low
V1072,P056,F122,Primary Contact,delayed,Your visit is delayed. ETA: nan.,False,True,False,False,0.5,The latest visit information could not be confirmed with confidence. Please contact the care coordinator for the most accurate update.,False,False,True,True,True,True,0.7,Low
V1145,P088,F187,Primary Contact,completed,Your visit has been completed.,False,False,False,False,0.5,Your care visit has been completed. No medical information is included in this update.,False,False,True,False,False,True,0.75,Low
V1166,P115,F254,Primary Contact,completed,Your visit has been completed.,False,False,False,False,0.5,Your care visit has been completed. No medical information is included in this update.,False,False,True,False,False,True,0.75,Medium
V1326,P065,F140,Primary Contact,cancelled,Your visit has been cancelled.,False,False,False,False,0.6,Your care visit has been cancelled. Reason: Moderate traffic is affecting travel time. No medical information is included in this update.,False,False,True,False,False,True,0.9,Low
V1198,P002,F005,Primary Contact,scheduled,Your visit is scheduled. ETA: 2026-09-24T18:00:00.,False,False,False,False,0.5,Your scheduled care visit is on track. Expected arrival: 2026-09-24T18:00:00. No medical information is included in this update.,False,False,True,False,False,True,0.75,Low
V1062,P006,F012,Secondary Contact,completed,Your visit has been completed.,False,False,False,False,0.5,Your care visit has been completed. No medical information is included in this update.,False,False,True,False,False,True,0.75,Medium
V1318,P023,F050,Unauthorised,completed,Your visit has been completed.,True,False,False,False,0.5,You are not authorised to receive information about this visit. Please contact the care coordinator if you believe this is in error.,False,False,True,False,False,True,0.9,Low
V1452,P042,F091,Primary Contact,in_progress,Your visit is in progress.,False,False,False,False,0.5,Your care visit is currently in progress. Expected arrival is approximately 2026-09-01T08:47:00. This may change due to traffic conditions. No medical information is included in this update.,False,False,True,False,False,True,0.75,Low
V1038,P047,F102,Primary Contact,delayed,Your visit is delayed. ETA: 2026-09-06T17:49:00.,False,False,False,False,0.5,Your scheduled care visit is delayed. Expected arrival: 2026-09-06T17:49:00. Reason: Light traffic is affecting travel time. No medical information is included in this update.,False,False,True,False,False,True,0.85,Low
V1243,P019,F041,Secondary Contact,completed,Your visit has been completed.,False,False,False,False,0.5,Your care visit has been completed. Reason: Moderate traffic is affecting travel time. No medical information is included in this update.,False,False,True,False,False,True,0.9,Low
V1409,P016,F035,Primary Contact,delayed,Your visit is delayed. ETA: 2026-09-20T13:55:00.,False,False,False,False,0.5,Your scheduled care visit is delayed. The arrival time is currently uncertain due to traffic conditions. Please contact the care coordinator for the latest update.,False,False,True,False,False,True,0.75,Medium
V1079,P095,F201,Primary Contact,scheduled,Your visit is scheduled. ETA: 2026-09-24T16:18:00.,False,False,False,False,0.5,Your scheduled care visit is on track. Expected arrival: 2026-09-24T16:18:00. No medical information is included in this update.,False,False,True,False,False,True,0.75,Low
V1195,P051,F111,Primary Contact,scheduled,Your visit is scheduled. ETA: 2026-09-28T08:38:00.,False,False,False,False,0.5,The latest visit information could not be confirmed with confidence. Please contact the care coordinator for the most accurate update.,False,False,False,True,True,True,0.7,High
V1207,P083,F177,Unauthorised,scheduled,Your visit is scheduled. ETA: 2026-09-16T10:40:00.,True,False,False,False,0.5,You are not authorised to receive information about this visit. Please contact the care coordinator if you believe this is in error.,False,False,True,False,False,True,0.9,Low
V1305,P107,F232,Primary Contact,scheduled,Your visit is scheduled. ETA: 2026-09-24T17:37:00.,False,False,False,False,0.5,Your scheduled care visit is on track. The arrival time is currently uncertain due to traffic conditions. Please contact the care coordinator for the latest update.,False,False,True,False,False,True,0.75,Medium
V1020,P114,F249,Primary Contact,completed,Your visit has been completed.,False,False,False,False,0.5,Your care visit has been completed. Reason: Moderate traffic is affecting travel time. No medical information is included in this update.,False,False,True,False,False,True,0.9,Low
V1022,P053,F116,Secondary Contact,in_progress,Your visit is in progress.,False,False,False,False,0.5,Your care visit is currently in progress. Expected arrival: 2026-09-05T16:35:00. No medical information is included in this update.,False,False,True,False,False,True,0.75,Low
V1256,P007,F014,Primary Contact,completed,Your visit has been completed.,False,False,False,False,0.5,Your care visit has been completed. Reason: Light traffic is affecting travel time.,False,False,True,False,False,True,0.85,Low
V1179,P084,F179,Secondary Contact,completed,Your visit has been completed.,False,False,False,False,0.5,Your care visit has been completed. No medical information is included in this update.,False,False,True,False,False,True,0.75,Low
V1214,P023,F049,Unauthorised,in_progress,Your visit is in progress.,True,False,False,False,0.5,You are not authorised to receive information about this visit. Please contact the care coordinator if you believe this is in error.,False,False,True,False,False,True,0.9,Low
V1175,P079,F167,Primary Contact,completed,Your visit has been completed.,False,False,False,False,0.5,Your care visit has been completed. No medical information is included in this update.,False,False,True,False,False,True,0.75,Low
V1023,P020,F043,Secondary Contact,delayed,Your visit is delayed. ETA: 2026-09-09T08:26:00.,False,False,False,False,0.5,Your scheduled care visit is delayed. Expected arrival is approximately 2026-09-09T08:26:00. This may change due to traffic conditions. Reason: Moderate traffic is affecting travel time.,False,False,True,False,False,True,0.9,Low
V1404,P042,F091,Primary Contact,delayed,Your visit is delayed. ETA: 2026-09-09T10:04:00.,False,False,False,False,0.5,The latest visit information could not be confirmed with confidence. Please contact the care coordinator for the most accurate update.,False,False,True,True,True,True,0.7,High
V1254,P114,F251,Unauthorised,scheduled,Your visit is scheduled. ETA: 2026-09-22T10:44:00.,True,False,False,False,0.5,You are not authorised to receive information about this visit. Please contact the care coordinator if you believe this is in error.,False,False,True,False,False,True,0.9,Low
V1471,P046,F100,Secondary Contact,completed,Your visit has been completed.,False,False,False,False,0.5,Your care visit has been completed. No medical information is included in this update.,False,False,True,False,False,True,0.75,Low
V1323,P098,F208,Primary Contact,completed,Your visit has been completed.,False,False,False,False,0.5,Your care visit has been completed. No medical information is included in this update.,False,False,True,False,False,True,0.75,Low
V1024,P027,F058,Unauthorised,completed,Your visit has been completed.,True,False,False,False,0.5,You are not authorised to receive information about this visit. Please contact the care coordinator if you believe this is in error.,False,False,True,False,False,True,0.9,Low
V1015,P065,F141,Primary Contact,scheduled,Your visit is scheduled. ETA: 2026-09-25T16:49:00.,False,False,False,False,0.5,Your scheduled care visit is on track. The arrival time is currently uncertain due to traffic conditions. Please contact the care coordinator for the latest update. No medical information is included in this update.,False,False,True,False,False,True,0.75,Medium
V1237,P098,F207,Primary Contact,delayed,Your visit is delayed. ETA: nan.,False,True,False,False,0.5,The latest visit information could not be confirmed with confidence. Please contact the care coordinator for the most accurate update.,False,False,True,True,True,True,0.7,Low
V1421,P080,F170,Primary Contact,completed,Your visit has been completed.,False,False,False,False,0.5,Your care visit has been completed. No medical information is included in this update.,False,False,True,False,False,True,0.75,Low
V1074,P074,F158,Primary Contact,delayed,Your visit is delayed. ETA: 2026-09-09T10:32:00.,False,False,False,False,0.5,Your scheduled care visit is delayed. Expected arrival: 2026-09-09T10:32:00. Reason: Light traffic is affecting travel time. No medical information is included in this update.,False,False,True,False,False,True,0.85,Low
V1248,P042,F090,Primary Contact,completed,Your visit has been completed.,False,False,False,False,0.5,Your care visit has been completed. No medical information is included in this update.,False,False,True,False,False,True,0.75,Low
V1236,P049,F106,Secondary Contact,in_progress,Your visit is in progress.,False,True,False,False,0.5,The latest visit information could not be confirmed with confidence. Please contact the care coordinator for the most accurate update.,False,False,True,True,True,True,0.7,Medium
V1390,P052,F112,Primary Contact,completed,Your visit has been completed.,False,False,False,False,0.5,Your care visit has been completed. No medical information is included in this update.,False,False,True,False,False,True,0.75,Low
V1217,P029,F060,Primary Contact,scheduled,Your visit is scheduled. ETA: 2026-09-30T13:28:00.,False,False,False,False,0.5,The latest visit information could not be confirmed with confidence. Please contact the care coordinator for the most accurate update.,False,False,False,True,True,True,0.7,High
V1290,P054,F118,Primary Contact,completed,Your visit has been completed.,False,False,False,False,0.5,Your care visit has been completed. No medical information is included in this update.,False,False,True,False,False,True,0.75,Low
V1059,P111,F242,Secondary Contact,completed,Your visit has been completed.,False,False,False,False,0.5,Your care visit has been completed. No medical information is included in this update.,False,False,True,False,False,True,0.75,Medium
V1024,P027,F057,Secondary Contact,completed,Your visit has been completed.,False,False,False,False,0.5,Your care visit has been completed. No medical information is included in this update.,False,False,True,False,False,True,0.75,Low
V1341,P074,F158,Primary Contact,delayed,Your visit is delayed. ETA: 2026-09-20T13:12:00.,False,False,False,False,0.5,Your scheduled care visit is delayed. The arrival time is currently uncertain due to traffic conditions. Please contact the care coordinator for the latest update. Reason: Severe traffic is affecting travel time. No medical information is included in this update.,False,False,True,False,False,True,0.9,Medium
V1046,P079,F169,Primary Contact,scheduled,Your visit is scheduled. ETA: 2026-09-14T16:26:00.,False,False,False,False,0.5,Your scheduled care visit is on track. Expected arrival is approximately 2026-09-14T16:26:00. This may change due to traffic conditions. No medical information is included in this update.,False,False,True,False,False,True,0.75,Low
V1140,P014,F033,Primary Contact,completed,Your visit has been completed.,False,False,False,False,0.5,Your care visit has been completed. No medical information is included in this update.,False,False,True,False,False,True,0.75,Low
V1218,P114,F251,Unauthorised,scheduled,Your visit is scheduled. ETA: 2026-09-28T13:23:00.,True,False,False,False,0.5,You are not authorised to receive information about this visit. Please contact the care coordinator if you believe this is in error.,False,False,True,False,False,True,0.9,Low
V1500,P012,F028,Primary Contact,completed,Your visit has been completed.,False,False,False,False,0.5,Your care visit has been completed.,False,False,True,False,False,True,0.75,Low
V1028,P107,F233,Secondary Contact,completed,Your visit has been completed.,False,False,False,False,0.5,Your care visit has been completed.,False,False,True,False,False,True,0.75,Low
V1037,P049,F106,Secondary Contact,delayed,Your visit is delayed. ETA: 2026-09-27T09:44:00.,False,False,False,False,0.5,The latest visit information could not be confirmed with confidence. Please contact the care coordinator for the most accurate update.,False,False,True,True,True,True,0.7,High
V1423,P100,F213,Primary Contact,cancelled,Your visit has been cancelled.,False,False,False,False,0.6,Your care visit has been cancelled. Reason: Light traffic is affecting travel time.,False,False,True,False,False,True,0.85,Low
V1302,P091,F195,Primary Contact,completed,Your visit has been completed.,False,False,False,False,0.5,Your care visit has been completed. No medical information is included in this update.,False,False,True,False,False,True,0.75,Medium
V1026,P051,F110,Primary Contact,completed,Your visit has been completed.,False,False,False,False,0.5,Your care visit has been completed.,False,False,True,False,False,True,0.75,Low
V1163,P060,F129,Primary Contact,delayed,Your visit is delayed. ETA: 2026-09-19T11:13:00.,False,False,False,False,0.5,Your scheduled care visit is delayed. Expected arrival is approximately 2026-09-19T11:13:00. This may change due to traffic conditions. Reason: Moderate traffic is affecting travel time. No medical information is included in this update.,False,False,True,False,False,True,0.9,Low
V1029,P114,F249,Primary Contact,completed,Your visit has been completed.,False,False,False,False,0.5,Your care visit has been completed. No medical information is included in this update.,False,False,True,False,False,True,0.75,Low
V1069,P002,F004,Primary Contact,in_progress,Your visit is in progress.,False,False,False,False,0.5,Your care visit is currently in progress. Expected arrival: 2026-09-17T11:45:00. No medical information is included in this update.,False,False,True,False,False,True,0.75,Low
V1142,P087,F186,Unauthorised,in_progress,Your visit is in progress.,True,False,False,False,0.5,You are not authorised to receive information about this visit. Please contact the care coordinator if you believe this is in error.,False,False,True,False,False,True,0.9,Low
V1319,P061,F131,Primary Contact,delayed,Your visit is delayed. ETA: 2026-09-30T11:02:00.,False,False,False,False,0.5,The latest visit information could not be confirmed with confidence. Please contact the care coordinator for the most accurate update.,False,False,True,True,True,True,0.7,High
V1139,P065,F142,Unauthorised,completed,Your visit has been completed.,True,False,False,False,0.5,You are not authorised to receive information about this visit. Please contact the care coordinator if you believe this is in error.,False,False,True,False,False,True,0.9,Low
V1095,P096,F203,Secondary Contact,in_progress,Your visit is in progress.,False,False,False,False,0.5,Your care visit is currently in progress. Expected arrival is approximately 2026-09-01T18:18:00. This may change due to traffic conditions. No medical information is included in this update.,False,False,True,False,False,True,0.75,Low
V1249,P062,F134,Secondary Contact,completed,Your visit has been completed.,False,False,False,False,0.5,Your care visit has been completed. No medical information is included in this update.,False,False,True,False,False,True,0.75,Low
V1477,P089,F191,Secondary Contact,cancelled,Your visit has been cancelled.,False,False,False,False,0.6,Your care visit has been cancelled. Reason: Light traffic is affecting travel time. No medical information is included in this update.,False,False,True,False,False,True,0.85,Low
V1318,P023,F049,Unauthorised,completed,Your visit has been completed.,True,False,False,False,0.5,You are not authorised to receive information about this visit. Please contact the care coordinator if you believe this is in error.,False,False,True,False,False,True,0.9,Low
V1413,P105,F227,Primary Contact,completed,Your visit has been completed.,False,False,False,False,0.5,Your care visit has been completed. No medical information is included in this update.,False,False,True,False,False,True,0.75,Medium
V1395,P052,F114,Unauthorised,scheduled,Your visit is scheduled. ETA: 2026-09-27T13:50:00.,True,False,False,False,0.5,You are not authorised to receive information about this visit. Please contact the care coordinator if you believe this is in error.,False,False,True,False,False,True,0.9,Low
V1172,P116,F255,Primary Contact,delayed,Your visit is delayed. ETA: 2026-09-22T14:22:00.,False,False,False,False,0.5,Your scheduled care visit is delayed. Expected arrival is approximately 2026-09-22T14:22:00. This may change due to traffic conditions. Reason: Moderate traffic is affecting travel time. No medical information is included in this update.,False,False,True,False,False,True,0.9,Low
V1162,P052,F114,Unauthorised,scheduled,Your visit is scheduled. ETA: nan.,True,True,False,False,0.5,You are not authorised to receive information about this visit. Please contact the care coordinator if you believe this is in error.,False,False,True,False,True,False,0.9,Low
V1112,P083,F176,Secondary Contact,in_progress,Your visit is in progress.,False,False,False,False,0.5,Your care visit is currently in progress. Expected arrival: 2026-09-19T16:32:00. No medical information is included in this update.,False,False,True,False,False,True,0.75,Low
V1423,P100,F214,Secondary Contact,cancelled,Your visit has been cancelled.,False,False,False,False,0.6,Your care visit has been cancelled. Reason: Light traffic is affecting travel time.,False,False,True,False,False,True,0.85,Low
V1363,P007,F015,Unauthorised,in_progress,Your visit is in progress.,True,False,False,False,0.5,You are not authorised to receive information about this visit. Please contact the care coordinator if you believe this is in error.,False,False,True,False,False,True,0.9,Low
V1316,P068,F147,Unauthorised,completed,Your visit has been completed.,True,False,False,False,0.5,You are not authorised to receive information about this visit. Please contact the care coordinator if you believe this is in error.,False,False,True,False,False,True,0.9,Low
V1240,P068,F147,Unauthorised,scheduled,Your visit is scheduled. ETA: 2026-09-29T11:47:00.,True,False,False,False,0.5,You are not authorised to receive information about this visit. Please contact the care coordinator if you believe this is in error.,False,False,True,False,False,True,0.9,Low
V1199,P001,F002,Primary Contact,scheduled,Your visit is scheduled. ETA: 2026-09-17T10:34:00.,False,False,False,False,0.5,Your scheduled care visit is on track. Expected arrival: 2026-09-17T10:34:00. No medical information is included in this update.,False,False,True,False,False,True,0.75,Low
V1164,P073,F157,Unauthorised,in_progress,Your visit is in progress.,True,False,False,False,0.5,You are not authorised to receive information about this visit. Please contact the care coordinator if you believe this is in error.,False,False,True,False,False,True,0.9,Low
V1213,P068,F145,Primary Contact,delayed,Your visit is delayed. ETA: nan.,False,True,False,False,0.5,The latest visit information could not be confirmed with confidence. Please contact the care coordinator for the most accurate update.,False,False,True,True,True,True,0.7,Low
V1378,P038,F081,Secondary Contact,delayed,Your visit is delayed. ETA: 2026-09-07T12:45:00.,False,False,False,False,0.5,Your scheduled care visit is delayed. Expected arrival: 2026-09-07T12:45:00. Reason: Light traffic is affecting travel time. No medical information is included in this update.,False,False,True,False,False,True,0.85,Low
V1077,P100,F214,Secondary Contact,cancelled,Your visit has been cancelled.,False,False,False,False,0.6,Your care visit has been cancelled. Reason: Light traffic is affecting travel time.,False,False,True,False,False,True,0.85,Low
V1460,P051,F111,Primary Contact,delayed,Your visit is delayed. ETA: 2026-09-24T11:29:00.,False,False,False,False,0.5,The latest visit information could not be confirmed with confidence. Please contact the care coordinator for the most accurate update.,False,False,True,True,True,True,0.7,High
V1094,P023,F049,Unauthorised,completed,Your visit has been completed.,True,False,False,False,0.5,You are not authorised to receive information about this visit. Please contact the care coordinator if you believe this is in error.,False,False,True,False,False,True,0.9,Low
V1390,P052,F113,Secondary Contact,completed,Your visit has been completed.,False,False,False,False,0.5,Your care visit has been completed. No medical information is included in this update.,False,False,True,False,False,True,0.75,Low
V1036,P056,F121,Primary Contact,completed,Your visit has been completed.,False,False,False,False,0.5,Your care visit has been completed. No medical information is included in this update.,False,False,True,False,False,True,0.75,Low
V1488,P102,F220,Secondary Contact,cancelled,Your visit has been cancelled.,False,False,False,False,0.6,The latest visit information could not be confirmed with confidence. Please contact the care coordinator for the most accurate update.,False,False,True,True,True,True,0.7,High
V1405,P064,F138,Unauthorised,completed,Your visit has been completed.,True,False,False,False,0.5,You are not authorised to receive information about this visit. Please contact the care coordinator if you believe this is in error.,False,False,True,False,False,True,0.9,Low
V1223,P042,F090,Primary Contact,delayed,Your visit is delayed. ETA: 2026-09-25T10:57:00.,False,False,False,False,0.5,Your scheduled care visit is delayed. Expected arrival is approximately 2026-09-25T10:57:00. This may change due to traffic conditions. Reason: Moderate traffic is affecting travel time. No medical information is included in this update.,False,False,True,False,False,True,0.9,Low
V1434,P023,F048,Primary Contact,delayed,Your visit is delayed. ETA: 2026-09-10T15:30:00.,False,False,False,False,0.5,The latest visit information could not be confirmed with confidence. Please contact the care coordinator for the most accurate update.,False,False,True,True,True,True,0.7,High
V1279,P012,F028,Primary Contact,in_progress,Your visit is in progress.,False,False,False,False,0.5,Your care visit is currently in progress. Expected arrival: 2026-09-24T12:30:00.,False,False,True,False,False,True,0.75,Low
V1488,P102,F221,Secondary Contact,cancelled,Your visit has been cancelled.,False,False,False,False,0.6,The latest visit information could not be confirmed with confidence. Please contact the care coordinator for the most accurate update.,False,False,True,True,True,True,0.7,High
V1274,P031,F065,Primary Contact,in_progress,Your visit is in progress.,False,False,False,False,0.5,Your care visit is currently in progress. The arrival time is currently uncertain due to traffic conditions. Please contact the care coordinator for the latest update. No medical information is included in this update.,False,False,True,False,False,True,0.75,Medium
V1234,P084,F179,Secondary Contact,completed,Your visit has been completed.,False,False,False,False,0.5,Your care visit has been completed. No medical information is included in this update.,False,False,True,False,False,True,0.75,Low
V1152,P027,F057,Secondary Contact,cancelled,Your visit has been cancelled.,False,False,False,False,0.6,Your care visit has been cancelled. Reason: Light traffic is affecting travel time. No medical information is included in this update.,False,False,True,False,False,True,0.85,Low
V1237,P098,F208,Primary Contact,delayed,Your visit is delayed. ETA: nan.,False,True,False,False,0.5,The latest visit information could not be confirmed with confidence. Please contact the care coordinator for the most accurate update.,False,False,True,True,True,True,0.7,Low
V1292,P024,F051,Primary Contact,delayed,Your visit is delayed. ETA: 2026-09-23T17:42:00.,False,False,False,False,0.5,The latest visit information could not be confirmed with confidence. Please contact the care coordinator for the most accurate update.,False,False,False,True,True,True,0.7,High
V1256,P007,F015,Unauthorised,completed,Your visit has been completed.,True,False,False,False,0.5,You are not authorised to receive information about this visit. Please contact the care coordinator if you believe this is in error.,False,False,True,False,False,True,0.9,Low
V1411,P115,F253,Secondary Contact,completed,Your visit has been completed.,False,False,False,False,0.5,Your care visit has been completed. No medical information is included in this update.,False,False,True,False,False,True,0.75,Low
V1163,P060,F130,Unauthorised,delayed,Your visit is delayed. ETA: 2026-09-19T11:13:00.,True,False,False,False,0.5,You are not authorised to receive information about this visit. Please contact the care coordinator if you believe this is in error.,False,False,True,False,False,True,0.9,Low
V1202,P002,F005,Primary Contact,scheduled,Your visit is scheduled. ETA: nan.,False,True,False,False,0.5,The latest visit information could not be confirmed with confidence. Please contact the care coordinator for the most accurate update.,False,False,True,True,True,True,0.7,Low
V1265,P046,F101,Secondary Contact,delayed,Your visit is delayed. ETA: nan.,False,True,False,False,0.5,The latest visit information could not be confirmed with confidence. Please contact the care coordinator for the most accurate update.,False,False,True,True,True,True,0.7,Low
V1429,P019,F041,Secondary Contact,cancelled,Your visit has been cancelled.,False,False,False,False,0.6,The latest visit information could not be confirmed with confidence. Please contact the care coordinator for the most accurate update.,False,False,True,True,True,True,0.7,High
V1331,P026,F054,Primary Contact,cancelled,Your visit has been cancelled.,False,False,False,False,0.6,Your care visit has been cancelled. No medical information is included in this update.,False,False,True,False,False,True,0.75,Low
V1299,P002,F005,Primary Contact,cancelled,Your visit has been cancelled.,False,False,False,False,0.6,Your care visit has been cancelled. Reason: Moderate traffic is affecting travel time. No medical information is included in this update.,False,False,True,False,False,True,0.9,Low
V1171,P117,F258,Secondary Contact,delayed,Your visit is delayed. ETA: nan.,False,True,False,False,0.5,The latest visit information could not be confirmed with confidence. Please contact the care coordinator for the most accurate update.,False,False,True,True,True,True,0.7,Low
V1361,P120,F262,Primary Contact,completed,Your visit has been completed.,False,False,False,False,0.5,Your care visit has been completed. No medical information is included in this update.,False,False,True,False,False,True,0.75,Low
V1391,P067,F144,Primary Contact,delayed,Your visit is delayed. ETA: 2026-09-07T12:02:00.,False,False,False,False,0.5,Your scheduled care visit is delayed. Expected arrival: 2026-09-07T12:02:00.,False,False,True,False,False,True,0.75,Low
V1433,P097,F206,Secondary Contact,cancelled,Your visit has been cancelled.,False,False,False,False,0.6,Your care visit has been cancelled. Reason: Moderate traffic is affecting travel time.,False,False,True,False,False,True,0.9,Low
V1396,P017,F037,Primary Contact,delayed,Your visit is delayed. ETA: 2026-09-18T17:18:00.,False,False,False,False,0.5,The latest visit information could not be confirmed with confidence. Please contact the care coordinator for the most accurate update.,False,False,True,True,True,True,0.7,High
V1275,P097,F206,Secondary Contact,delayed,Your visit is delayed. ETA: 2026-09-15T10:25:00.,False,False,False,False,0.5,The latest visit information could not be confirmed with confidence. Please contact the care coordinator for the most accurate update.,False,False,True,True,True,True,0.7,High
V1232,P113,F248,Secondary Contact,delayed,Your visit is delayed. ETA: 2026-09-10T16:22:00.,False,False,False,False,0.5,Your scheduled care visit is delayed. Expected arrival is approximately 2026-09-10T16:22:00. This may change due to traffic conditions. Reason: Moderate traffic is affecting travel time. No medical information is included in this update.,False,False,True,False,False,True,0.9,Low
V1384,P108,F235,Secondary Contact,completed,Your visit has been completed.,False,False,False,False,0.5,Your care visit has been completed.,False,False,True,False,False,True,0.75,Low
V1039,P012,F029,Secondary Contact,delayed,Your visit is delayed. ETA: nan.,False,True,False,False,0.5,The latest visit information could not be confirmed with confidence. Please contact the care coordinator for the most accurate update.,False,False,True,True,True,True,0.7,Low
V1265,P046,F099,Primary Contact,delayed,Your visit is delayed. ETA: nan.,False,True,False,False,0.5,The latest visit information could not be confirmed with confidence. Please contact the care coordinator for the most accurate update.,False,False,True,True,True,True,0.7,Low
V1458,P009,F020,Primary Contact,completed,Your visit has been completed.,False,False,False,False,0.5,Your care visit has been completed. No medical information is included in this update.,False,False,True,False,False,True,0.75,Low
V1352,P111,F241,Primary Contact,delayed,Your visit is delayed. ETA: 2026-09-30T12:31:00.,False,False,False,False,0.5,The latest visit information could not be confirmed with confidence. Please contact the care coordinator for the most accurate update.,False,False,False,True,True,True,0.7,High
V1468,P024,F052,Secondary Contact,in_progress,Your visit is in progress.,False,False,False,False,0.5,Your care visit is currently in progress. Expected arrival is approximately 2026-09-23T15:13:00. This may change due to traffic conditions. No medical information is included in this update.,False,False,True,False,False,True,0.75,Low
V1193,P109,F238,Primary Contact,cancelled,Your visit has been cancelled.,False,False,False,False,0.6,The latest visit information could not be confirmed with confidence. Please contact the care coordinator for the most accurate update.,False,False,True,True,True,True,0.7,High
V1066,P079,F169,Primary Contact,cancelled,Your visit has been cancelled.,False,False,False,False,0.6,Your care visit has been cancelled. Reason: Light traffic is affecting travel time. No medical information is included in this update.,False,False,True,False,False,True,0.85,Low
V1092,P100,F213,Primary Contact,completed,Your visit has been completed.,False,False,False,False,0.5,Your care visit has been completed. Reason: Light traffic is affecting travel time.,False,False,True,False,False,True,0.85,Low
V1337,P076,F162,Primary Contact,completed,Your visit has been completed.,False,False,False,False,0.5,Your care visit has been completed. No medical information is included in this update.,False,False,True,False,False,True,0.75,Low
V1100,P081,F172,Primary Contact,delayed,Your visit is delayed. ETA: 2026-09-18T12:30:00.,False,False,False,False,0.5,The latest visit information could not be confirmed with confidence. Please contact the care coordinator for the most accurate update.,False,False,True,True,True,True,0.7,High
V1243,P019,F039,Primary Contact,completed,Your visit has been completed.,False,False,False,False,0.5,Your care visit has been completed. Reason: Moderate traffic is affecting travel time. No medical information is included in this update.,False,False,True,False,False,True,0.9,Low
V1402,P027,F056,Primary Contact,cancelled,Your visit has been cancelled.,False,False,False,False,0.6,Your care visit has been cancelled. Reason: Severe traffic is affecting travel time. No medical information is included in this update.,False,False,True,False,False,True,0.9,Medium
V1063,P113,F246,Primary Contact,completed,Your visit has been completed.,False,False,False,False,0.5,Your care visit has been completed. No medical information is included in this update.,False,False,True,False,False,True,0.75,Low
V1347,P114,F249,Primary Contact,cancelled,Your visit has been cancelled.,False,False,False,False,0.6,The latest visit information could not be confirmed with confidence. Please contact the care coordinator for the most accurate update.,False,False,True,True,True,True,0.7,High
V1174,P001,F002,Primary Contact,completed,Your visit has been completed.,False,False,False,False,0.5,Your care visit has been completed. No medical information is included in this update.,False,False,True,False,False,True,0.75,Low
V1182,P062,F133,Primary Contact,delayed,Your visit is delayed. ETA: 2026-09-17T12:57:00.,False,False,False,False,0.5,The latest visit information could not be confirmed with confidence. Please contact the care coordinator for the most accurate update.,False,False,True,True,True,True,0.7,High
V1349,P063,F136,Primary Contact,delayed,Your visit is delayed. ETA: 2026-09-11T14:07:00.,False,False,False,False,0.5,The latest visit information could not be confirmed with confidence. Please contact the care coordinator for the most accurate update.,False,False,True,True,True,True,0.7,High
V1202,P002,F004,Primary Contact,scheduled,Your visit is scheduled. ETA: nan.,False,True,False,False,0.5,The latest visit information could not be confirmed with confidence. Please contact the care coordinator for the most accurate update.,False,False,True,True,True,True,0.7,Low
V1325,P002,F005,Primary Contact,delayed,Your visit is delayed. ETA: nan.,False,True,False,False,0.5,The latest visit information could not be confirmed with confidence. Please contact the care coordinator for the most accurate update.,False,False,True,True,True,True,0.7,Low
V1477,P089,F190,Primary Contact,cancelled,Your visit has been cancelled.,False,False,False,False,0.6,Your care visit has been cancelled. Reason: Light traffic is affecting travel time. No medical information is included in this update.,False,False,True,False,False,True,0.85,Low
V1375,P078,F166,Primary Contact,completed,Your visit has been completed.,False,False,False,False,0.5,Your care visit has been completed. No medical information is included in this update.,False,False,True,False,False,True,0.75,Medium
V1425,P059,F128,Primary Contact,completed,Your visit has been completed.,False,False,False,False,0.5,Your care visit has been completed. No medical information is included in this update.,False,False,True,False,False,True,0.75,Low
V1173,P117,F257,Primary Contact,delayed,Your visit is delayed. ETA: 2026-09-18T08:55:00.,False,False,False,False,0.5,The latest visit information could not be confirmed with confidence. Please contact the care coordinator for the most accurate update.,False,False,True,True,True,True,0.7,High
V1290,P054,F119,Secondary Contact,completed,Your visit has been completed.,False,False,False,False,0.5,Your care visit has been completed. No medical information is included in this update.,False,False,True,False,False,True,0.75,Low
V1416,P007,F015,Unauthorised,completed,Your visit has been completed.,True,False,False,False,0.5,You are not authorised to receive information about this visit. Please contact the care coordinator if you believe this is in error.,False,False,True,False,True,False,0.9,Low
V1354,P092,F198,Unauthorised,completed,Your visit has been completed.,True,False,False,False,0.5,You are not authorised to receive information about this visit. Please contact the care coordinator if you believe this is in error.,False,False,True,False,False,True,0.9,Low
V1008,P061,F132,Primary Contact,cancelled,Your visit has been cancelled.,False,False,False,False,0.6,The latest visit information could not be confirmed with confidence. Please contact the care coordinator for the most accurate update.,False,False,True,True,True,True,0.7,High
V1371,P011,F026,Unauthorised,completed,Your visit has been completed.,True,False,False,False,0.5,You are not authorised to receive information about this visit. Please contact the care coordinator if you believe this is in error.,False,False,True,False,False,True,0.9,Low
V1289,P103,F222,Primary Contact,scheduled,Your visit is scheduled. ETA: 2026-09-06T08:48:00.,False,False,False,False,0.5,Your scheduled care visit is on track. Expected arrival is approximately 2026-09-06T08:48:00. This may change due to traffic conditions. No medical information is included in this update.,False,False,True,False,False,True,0.75,Low
V1495,P078,F165,Primary Contact,in_progress,Your visit is in progress.,False,False,False,False,0.5,The latest visit information could not be confirmed with confidence. Please contact the care coordinator for the most accurate update.,False,False,False,True,True,True,0.7,High
V1106,P112,F245,Unauthorised,cancelled,Your visit has been cancelled.,True,False,False,False,0.6,You are not authorised to receive information about this visit. Please contact the care coordinator if you believe this is in error.,False,False,True,False,False,True,0.9,Low
V1348,P099,F212,Primary Contact,completed,Your visit has been completed.,False,False,False,False,0.5,Your care visit has been completed. No medical information is included in this update.,False,False,True,False,False,True,0.75,Low
V1499,P046,F099,Primary Contact,in_progress,Your visit is in progress.,False,False,False,False,0.5,Your care visit is currently in progress. Expected arrival is approximately 2026-09-05T10:24:00. This may change due to traffic conditions. No medical information is included in this update.,False,False,True,False,False,True,0.75,Low
V1128,P086,F184,Secondary Contact,scheduled,Your visit is scheduled. ETA: 2026-09-12T14:34:00.,False,False,False,False,0.5,Your scheduled care visit is on track. Expected arrival: 2026-09-12T14:34:00. No medical information is included in this update.,False,False,True,False,False,True,0.75,Low
V1366,P119,F260,Primary Contact,delayed,Your visit is delayed. ETA: 2026-09-19T08:21:00.,False,False,False,False,0.5,Your scheduled care visit is delayed. Expected arrival is approximately 2026-09-19T08:21:00. This may change due to traffic conditions. Reason: Moderate traffic is affecting travel time. No medical information is included in this update.,False,False,True,False,False,True,0.9,Low
V1427,P029,F062,Secondary Contact,completed,Your visit has been completed.,False,False,False,False,0.5,Your care visit has been completed. Reason: Light traffic is affecting travel time. No medical information is included in this update.,False,False,True,False,False,True,0.85,Low
V1026,P051,F111,Primary Contact,completed,Your visit has been completed.,False,False,False,False,0.5,Your care visit has been completed.,False,False,True,False,False,True,0.75,Low
V1271,P119,F260,Primary Contact,delayed,Your visit is delayed. ETA: 2026-09-20T08:35:00.,False,False,False,False,0.5,The latest visit information could not be confirmed with confidence. Please contact the care coordinator for the most accurate update.,False,False,False,True,True,True,0.7,High
V1487,P057,F125,Primary Contact,delayed,Your visit is delayed. ETA: 2026-09-16T12:42:00.,False,False,False,False,0.5,Your scheduled care visit is delayed. Expected arrival is approximately 2026-09-16T12:42:00. This may change due to traffic conditions. Reason: Heavy traffic is affecting travel time. No medical information is included in this update.,False,False,True,False,False,True,0.9,Low
V1470,P098,F209,Secondary Contact,scheduled,Your visit is scheduled. ETA: nan.,False,True,False,False,0.5,The latest visit information could not be confirmed with confidence. Please contact the care coordinator for the most accurate update.,False,False,True,True,True,True,0.7,Low
V1441,P026,F054,Primary Contact,in_progress,Your visit is in progress.,False,False,False,False,0.5,The latest visit information could not be confirmed with confidence. Please contact the care coordinator for the most accurate update.,False,False,False,True,True,True,0.7,High
V1078,P100,F215,Primary Contact,in_progress,Your visit is in progress.,False,False,False,False,0.5,Your care visit is currently in progress. Expected arrival is approximately 2026-09-10T13:05:00. This may change due to traffic conditions.,False,False,True,False,False,True,0.75,Low
V1045,P065,F140,Primary Contact,scheduled,Your visit is scheduled. ETA: 2026-09-27T14:47:00.,False,False,False,False,0.5,Your scheduled care visit is on track. Expected arrival: 2026-09-27T14:47:00. No medical information is included in this update.,False,False,True,False,False,True,0.75,Low
V1388,P008,F019,Secondary Contact,scheduled,Your visit is scheduled. ETA: 2026-09-29T16:28:00.,False,False,False,False,0.5,Your scheduled care visit is on track. The arrival time is currently uncertain due to traffic conditions. Please contact the care coordinator for the latest update. No medical information is included in this update.,False,False,True,False,False,True,0.75,Medium
V1170,P102,F219,Primary Contact,delayed,Your visit is delayed. ETA: 2026-09-17T14:24:00.,False,False,False,False,0.5,Your scheduled care visit is delayed. Expected arrival is approximately 2026-09-17T14:24:00. This may change due to traffic conditions. Reason: Heavy traffic is affecting travel time. No medical information is included in this update.,False,False,True,False,False,True,0.9,Low
V1312,P074,F158,Primary Contact,completed,Your visit has been completed.,False,False,False,False,0.5,Your care visit has been completed. No medical information is included in this update.,False,False,True,False,False,True,0.75,Medium
V1224,P103,F223,Secondary Contact,scheduled,Your visit is scheduled. ETA: 2026-09-30T17:03:00.,False,False,False,False,0.5,Your scheduled care visit is on track. Expected arrival: 2026-09-30T17:03:00. No medical information is included in this update.,False,False,True,False,False,True,0.75,Low
V1357,P027,F056,Primary Contact,completed,Your visit has been completed.,False,False,False,False,0.5,Your care visit has been completed. No medical information is included in this update.,False,False,True,False,False,True,0.75,Low
V1073,P106,F229,Secondary Contact,scheduled,Your visit is scheduled. ETA: 2026-09-15T17:05:00.,False,False,False,False,0.5,Your scheduled care visit is on track. Expected arrival: 2026-09-15T17:05:00. No medical information is included in this update.,False,False,True,False,False,True,0.75,Low
V1411,P115,F254,Primary Contact,completed,Your visit has been completed.,False,False,False,False,0.5,Your care visit has been completed. No medical information is included in this update.,False,False,True,False,False,True,0.75,Low
V1061,P102,F220,Secondary Contact,completed,Your visit has been completed.,False,False,False,False,0.5,Your care visit has been completed. No medical information is included in this update.,False,False,True,False,False,True,0.75,Low
V1145,P088,F188,Primary Contact,completed,Your visit has been completed.,False,False,False,False,0.5,Your care visit has been completed. No medical information is included in this update.,False,False,True,False,False,True,0.75,Low
V1375,P078,F165,Primary Contact,completed,Your visit has been completed.,False,False,False,False,0.5,Your care visit has been completed. No medical information is included in this update.,False,False,True,False,False,True,0.75,Medium
V1309,P046,F101,Secondary Contact,delayed,Your visit is delayed. ETA: 2026-09-19T16:59:00.,False,False,False,False,0.5,Your scheduled care visit is delayed. Expected arrival: 2026-09-19T16:59:00. Reason: Moderate traffic is affecting travel time. No medical information is included in this update.,False,False,True,False,False,True,0.85,Low
V1010,P083,F176,Secondary Contact,completed,Your visit has been completed.,False,False,False,False,0.5,Your care visit has been completed. No medical information is included in this update.,False,False,True,False,False,True,0.75,Low
V1029,P114,F251,Unauthorised,completed,Your visit has been completed.,True,False,False,False,0.5,You are not authorised to receive information about this visit. Please contact the care coordinator if you believe this is in error.,False,False,True,False,False,True,0.9,Low
V1045,P065,F141,Primary Contact,scheduled,Your visit is scheduled. ETA: 2026-09-27T14:47:00.,False,False,False,False,0.5,Your scheduled care visit is on track. Expected arrival: 2026-09-27T14:47:00. No medical information is included in this update.,False,False,True,False,False,True,0.75,Low
V1403,P041,F089,Primary Contact,scheduled,Your visit is scheduled. ETA: 2026-09-27T17:49:00.,False,False,False,False,0.5,Your scheduled care visit is on track. Expected arrival: 2026-09-27T17:49:00. No medical information is included in this update.,False,False,True,False,False,True,0.75,Low
V1122,P087,F186,Unauthorised,scheduled,Your visit is scheduled. ETA: 2026-09-21T14:57:00.,True,False,False,False,0.5,You are not authorised to receive information about this visit. Please contact the care coordinator if you believe this is in error.,False,False,True,False,False,True,0.9,Low
V1338,P032,F067,Primary Contact,delayed,Your visit is delayed. ETA: 2026-09-05T14:03:00.,False,False,False,False,0.5,Your scheduled care visit is delayed. The arrival time is currently uncertain due to traffic conditions. Please contact the care coordinator for the latest update. Reason: Heavy traffic is affecting travel time. No medical information is included in this update.,False,False,True,False,False,True,0.9,Medium
V1263,P085,F181,Unauthorised,cancelled,Your visit has been cancelled.,True,False,False,False,0.6,You are not authorised to receive information about this visit. Please contact the care coordinator if you believe this is in error.,False,False,True,False,False,True,0.9,Low
V1092,P100,F214,Secondary Contact,completed,Your visit has been completed.,False,False,False,False,0.5,Your care visit has been completed. Reason: Light traffic is affecting travel time.,False,False,True,False,False,True,0.85,Low
V1128,P086,F182,Primary Contact,scheduled,Your visit is scheduled. ETA: 2026-09-12T14:34:00.,False,False,False,False,0.5,Your scheduled care visit is on track. Expected arrival: 2026-09-12T14:34:00. No medical information is included in this update.,False,False,True,False,False,True,0.75,Low
V1182,P062,F135,Unauthorised,delayed,Your visit is delayed. ETA: 2026-09-17T12:57:00.,True,False,False,False,0.5,You are not authorised to receive information about this visit. Please contact the care coordinator if you believe this is in error.,False,False,True,False,True,False,0.9,Low
V1211,P014,F032,Primary Contact,scheduled,Your visit is scheduled. ETA: 2026-09-25T16:25:00.,False,False,False,False,0.5,The latest visit information could not be confirmed with confidence. Please contact the care coordinator for the most accurate update.,False,False,False,True,True,True,0.7,High
V1158,P097,F206,Secondary Contact,scheduled,Your visit is scheduled. ETA: 2026-09-12T12:47:00.,False,False,False,False,0.5,Your scheduled care visit is on track. The arrival time is currently uncertain due to traffic conditions. Please contact the care coordinator for the latest update.,False,False,True,False,False,True,0.75,Medium
V1350,P083,F176,Secondary Contact,delayed,Your visit is delayed. ETA: 2026-09-12T09:42:00.,False,False,False,False,0.5,Your scheduled care visit is delayed. Expected arrival: 2026-09-12T09:42:00. Reason: Moderate traffic is affecting travel time. No medical information is included in this update.,False,False,True,False,False,True,0.85,Low
V1416,P007,F014,Primary Contact,completed,Your visit has been completed.,False,False,False,False,0.5,The latest visit information could not be confirmed with confidence. Please contact the care coordinator for the most accurate update.,False,False,True,True,True,True,0.7,High
V1414,P112,F244,Secondary Contact,completed,Your visit has been completed.,False,False,False,False,0.5,Your care visit has been completed. No medical information is included in this update.,False,False,True,False,False,True,0.75,Low
V1068,P067,F144,Primary Contact,completed,Your visit has been completed.,False,False,False,False,0.5,Your care visit has been completed.,False,False,True,False,False,True,0.75,Medium
V1069,P002,F003,Primary Contact,in_progress,Your visit is in progress.,False,False,False,False,0.5,Your care visit is currently in progress. Expected arrival: 2026-09-17T11:45:00. No medical information is included in this update.,False,False,True,False,False,True,0.75,Low
V1006,P045,F098,Primary Contact,completed,Your visit has been completed.,False,False,False,False,0.5,Your care visit has been completed. No medical information is included in this update.,False,False,True,False,False,True,0.75,Low
V1284,P043,F092,Primary Contact,delayed,Your visit is delayed. ETA: 2026-09-23T15:51:00.,False,False,False,False,0.5,Your scheduled care visit is delayed. Expected arrival is approximately 2026-09-23T15:51:00. This may change due to traffic conditions. Reason: Moderate traffic is affecting travel time. No medical information is included in this update.,False,False,True,False,False,True,0.9,Low
V1429,P019,F040,Unauthorised,cancelled,Your visit has been cancelled.,True,False,False,False,0.6,You are not authorised to receive information about this visit. Please contact the care coordinator if you believe this is in error.,False,False,True,False,True,False,0.9,Low
V1094,P023,F048,Primary Contact,completed,Your visit has been completed.,False,False,False,False,0.5,Your care visit has been completed. No medical information is included in this update.,False,False,True,False,False,True,0.75,Low
V1298,P102,F221,Secondary Contact,in_progress,Your visit is in progress.,False,False,False,False,0.5,Your care visit is currently in progress. Expected arrival: 2026-09-07T13:19:00. No medical information is included in this update.,False,False,True,False,False,True,0.75,Low
V1004,P070,F151,Secondary Contact,delayed,Your visit is delayed. ETA: 2026-09-20T15:31:00.,False,False,False,False,0.5,Your scheduled care visit is delayed. Expected arrival is approximately 2026-09-20T15:31:00. This may change due to traffic conditions. Reason: Heavy traffic is affecting travel time.,False,False,True,False,False,True,0.9,Low
V1157,P116,F255,Primary Contact,delayed,Your visit is delayed. ETA: 2026-09-28T13:13:00.,False,False,False,False,0.5,Your scheduled care visit is delayed. Expected arrival is approximately 2026-09-28T13:13:00. This may change due to traffic conditions. Reason: Moderate traffic is affecting travel time. No medical information is included in this update.,False,False,True,False,False,True,0.9,Low
V1298,P102,F220,Secondary Contact,in_progress,Your visit is in progress.,False,False,False,False,0.5,Your care visit is currently in progress. Expected arrival: 2026-09-07T13:19:00. No medical information is included in this update.,False,False,True,False,False,True,0.75,Low
V1129,P006,F011,Primary Contact,delayed,Your visit is delayed. ETA: 2026-09-05T09:18:00.,False,False,False,False,0.5,Your scheduled care visit is delayed. The arrival time is currently uncertain due to traffic conditions. Please contact the care coordinator for the latest update. Reason: Heavy traffic is affecting travel time. No medical information is included in this update.,False,False,True,False,False,True,0.9,Medium
V1147,P072,F154,Primary Contact,in_progress,Your visit is in progress.,False,False,False,False,0.5,Your care visit is currently in progress. Expected arrival is approximately 2026-09-24T17:36:00. This may change due to traffic conditions.,False,False,True,False,False,True,0.75,Low
V1499,P046,F100,Secondary Contact,in_progress,Your visit is in progress.,False,False,False,False,0.5,Your care visit is currently in progress. Expected arrival is approximately 2026-09-05T10:24:00. This may change due to traffic conditions. No medical information is included in this update.,False,False,True,False,False,True,0.75,Low
V1356,P007,F016,Primary Contact,cancelled,Your visit has been cancelled.,False,False,False,False,0.6,Your care visit has been cancelled. Reason: Light traffic is affecting travel time.,False,False,True,False,False,True,0.85,Low
V1270,P075,F161,Primary Contact,cancelled,Your visit has been cancelled.,False,False,False,False,0.6,Your care visit has been cancelled. Reason: Moderate traffic is affecting travel time. No medical information is included in this update.,False,False,True,False,False,True,0.9,Low
V1365,P075,F160,Unauthorised,in_progress,Your visit is in progress.,True,False,False,False,0.5,You are not authorised to receive information about this visit. Please contact the care coordinator if you believe this is in error.,False,False,True,False,False,True,0.9,Low
V1027,P118,F259,Primary Contact,delayed,Your visit is delayed. ETA: 2026-09-18T13:43:00.,False,False,False,False,0.5,Your scheduled care visit is delayed. Expected arrival is approximately 2026-09-18T13:43:00. This may change due to traffic conditions. Reason: Moderate traffic is affecting travel time.,False,False,True,False,False,True,0.9,Low
V1311,P004,F009,Primary Contact,delayed,Your visit is delayed. ETA: 2026-09-09T13:20:00.,False,False,False,False,0.5,Your scheduled care visit is delayed. Expected arrival: 2026-09-09T13:20:00. Reason: Light traffic is affecting travel time. No medical information is included in this update.,False,False,True,False,False,True,0.85,Low
V1058,P091,F194,Unauthorised,delayed,Your visit is delayed. ETA: 2026-09-28T17:46:00.,True,False,False,False,0.5,You are not authorised to receive information about this visit. Please contact the care coordinator if you believe this is in error.,False,False,True,False,False,True,0.9,Low
V1357,P027,F057,Secondary Contact,completed,Your visit has been completed.,False,False,False,False,0.5,Your care visit has been completed. No medical information is included in this update.,False,False,True,False,False,True,0.75,Low
V1236,P049,F105,Primary Contact,in_progress,Your visit is in progress.,False,True,False,False,0.5,The latest visit information could not be confirmed with confidence. Please contact the care coordinator for the most accurate update.,False,False,True,True,True,True,0.7,Medium
V1484,P062,F135,Unauthorised,completed,Your visit has been completed.,True,False,False,False,0.5,You are not authorised to receive information about this visit. Please contact the care coordinator if you believe this is in error.,False,False,True,False,False,True,0.9,Low
V1273,P101,F217,Unauthorised,completed,Your visit has been completed.,True,False,False,False,0.5,You are not authorised to receive information about this visit. Please contact the care coordinator if you believe this is in error.,False,False,True,False,False,True,0.9,Low
V1325,P002,F004,Primary Contact,delayed,Your visit is delayed. ETA: nan.,False,True,False,False,0.5,The latest visit information could not be confirmed with confidence. Please contact the care coordinator for the most accurate update.,False,False,True,True,True,True,0.7,Low
V1241,P054,F118,Primary Contact,completed,Your visit has been completed.,False,False,False,False,0.5,Your care visit has been completed. No medical information is included in this update.,False,False,True,False,False,True,0.75,Low
V1400,P030,F064,Unauthorised,completed,Your visit has been completed.,True,False,False,False,0.5,You are not authorised to receive information about this visit. Please contact the care coordinator if you believe this is in error.,False,False,True,False,False,True,0.9,Low
V1313,P046,F099,Primary Contact,delayed,Your visit is delayed. ETA: 2026-09-05T17:45:00.,False,False,False,False,0.5,The latest visit information could not be confirmed with confidence. Please contact the care coordinator for the most accurate update.,False,False,True,True,True,True,0.7,High
V1336,P071,F152,Primary Contact,delayed,Your visit is delayed. ETA: 2026-09-02T08:24:00.,False,False,False,False,0.5,Your scheduled care visit is delayed. Expected arrival is approximately 2026-09-02T08:24:00. This may change due to traffic conditions. Reason: Moderate traffic is affecting travel time. No medical information is included in this update.,False,False,True,False,False,True,0.9,Low
V1123,P068,F145,Primary Contact,scheduled,Your visit is scheduled. ETA: 2026-09-21T11:41:00.,False,False,False,False,0.5,Your scheduled care visit is on track. The arrival time is currently uncertain due to traffic conditions. Please contact the care coordinator for the latest update. Reason: Heavy traffic is affecting travel time. No medical information is included in this update.,False,False,True,False,False,True,0.9,Medium
V1493,P036,F075,Primary Contact,cancelled,Your visit has been cancelled.,False,False,False,False,0.6,Your care visit has been cancelled. Reason: Heavy traffic is affecting travel time. No medical information is included in this update.,False,False,True,False,False,True,0.9,Medium
V1073,P106,F228,Primary Contact,scheduled,Your visit is scheduled. ETA: 2026-09-15T17:05:00.,False,False,False,False,0.5,Your scheduled care visit is on track. Expected arrival: 2026-09-15T17:05:00. No medical information is included in this update.,False,False,True,False,False,True,0.75,Low
V1138,P120,F263,Secondary Contact,completed,Your visit has been completed.,False,False,False,False,0.5,Your care visit has been completed. No medical information is included in this update.,False,False,True,False,False,True,0.75,Low
V1230,P087,F186,Unauthorised,delayed,Your visit is delayed. ETA: 2026-09-26T08:45:00.,True,False,False,False,0.5,You are not authorised to receive information about this visit. Please contact the care coordinator if you believe this is in error.,False,False,True,False,False,True,0.9,Low
V1491,P039,F082,Primary Contact,delayed,Your visit is delayed. ETA: 2026-09-01T17:03:00.,False,False,False,False,0.5,Your scheduled care visit is delayed. Expected arrival is approximately 2026-09-01T17:03:00. This may change due to traffic conditions. Reason: Heavy traffic is affecting travel time.,False,False,True,False,False,True,0.9,Low
V1243,P019,F040,Unauthorised,completed,Your visit has been completed.,True,False,False,False,0.5,You are not authorised to receive information about this visit. Please contact the care coordinator if you believe this is in error.,False,False,True,False,False,True,0.9,Low
V1252,P100,F215,Primary Contact,delayed,Your visit is delayed. ETA: 2026-09-11T08:42:00.,False,False,False,False,0.5,Your scheduled care visit is delayed. Expected arrival is approximately 2026-09-11T08:42:00. This may change due to traffic conditions. Reason: Moderate traffic is affecting travel time.,False,False,True,False,False,True,0.9,Low
V1259,P061,F132,Primary Contact,delayed,Your visit is delayed. ETA: 2026-10-01T11:49:00.,False,False,False,False,0.5,The latest visit information could not be confirmed with confidence. Please contact the care coordinator for the most accurate update.,False,False,False,True,True,True,0.7,High
V1495,P078,F166,Primary Contact,in_progress,Your visit is in progress.,False,False,False,False,0.5,The latest visit information could not be confirmed with confidence. Please contact the care coordinator for the most accurate update.,False,False,False,True,True,True,0.7,High
V1228,P024,F051,Primary Contact,cancelled,Your visit has been cancelled.,False,False,False,False,0.6,The latest visit information could not be confirmed with confidence. Please contact the care coordinator for the most accurate update.,False,False,True,True,True,True,0.7,High
V1098,P115,F253,Secondary Contact,in_progress,Your visit is in progress.,False,False,False,False,0.5,Your care visit is currently in progress. Expected arrival is approximately 2026-09-25T11:20:00. This may change due to traffic conditions. No medical information is included in this update.,False,False,True,False,False,True,0.75,Low
V1475,P071,F153,Secondary Contact,delayed,Your visit is delayed. ETA: 2026-09-10T17:46:00.,False,False,False,False,0.5,Your scheduled care visit is delayed. Expected arrival is approximately 2026-09-10T17:46:00. This may change due to traffic conditions. Reason: Heavy traffic is affecting travel time. No medical information is included in this update.,False,False,True,False,False,True,0.9,Low
V1489,P105,F227,Primary Contact,completed,Your visit has been completed.,False,False,False,False,0.5,Your care visit has been completed. No medical information is included in this update.,False,False,True,False,False,True,0.75,Medium
V1404,P042,F090,Primary Contact,delayed,Your visit is delayed. ETA: 2026-09-09T10:04:00.,False,False,False,False,0.5,The latest visit information could not be confirmed with confidence. Please contact the care coordinator for the most accurate update.,False,False,True,True,True,True,0.7,High
V1066,P079,F168,Secondary Contact,cancelled,Your visit has been cancelled.,False,False,False,False,0.6,Your care visit has been cancelled. Reason: Light traffic is affecting travel time. No medical information is included in this update.,False,False,True,False,False,True,0.85,Low
V1473,P087,F185,Primary Contact,delayed,Your visit is delayed. ETA: 2026-09-22T16:00:00.,False,False,False,False,0.5,Your scheduled care visit is delayed. Expected arrival is approximately 2026-09-22T16:00:00. This may change due to traffic conditions. Reason: Heavy traffic is affecting travel time. No medical information is included in this update.,False,False,True,False,False,True,0.9,Low
V1109,P112,F244,Secondary Contact,in_progress,Your visit is in progress.,False,False,False,False,0.5,Your care visit is currently in progress. Expected arrival is approximately 2026-09-05T13:10:00. This may change due to traffic conditions. No medical information is included in this update.,False,False,True,False,False,True,0.75,Low
V1267,P104,F226,Unauthorised,completed,Your visit has been completed.,True,False,False,False,0.5,You are not authorised to receive information about this visit. Please contact the care coordinator if you believe this is in error.,False,False,True,False,False,True,0.9,Low
V1025,P093,F199,Primary Contact,completed,Your visit has been completed.,False,False,False,False,0.5,Your care visit has been completed. No medical information is included in this update.,False,False,True,False,False,True,0.75,Medium
V1270,P075,F159,Primary Contact,cancelled,Your visit has been cancelled.,False,False,False,False,0.6,Your care visit has been cancelled. Reason: Moderate traffic is affecting travel time. No medical information is included in this update.,False,False,True,False,False,True,0.9,Low
V1344,P020,F043,Secondary Contact,completed,Your visit has been completed.,False,False,False,False,0.5,Your care visit has been completed.,False,False,True,False,False,True,0.75,Low
V1321,P088,F187,Primary Contact,completed,Your visit has been completed.,False,False,False,False,0.5,Your care visit has been completed. No medical information is included in this update.,False,False,True,False,False,True,0.75,Low
V1179,P084,F178,Primary Contact,completed,Your visit has been completed.,False,False,False,False,0.5,Your care visit has been completed. No medical information is included in this update.,False,False,True,False,False,True,0.75,Low
V1490,P089,F190,Primary Contact,in_progress,Your visit is in progress.,False,False,False,False,0.5,Your care visit is currently in progress. Expected arrival: 2026-09-26T16:49:00. No medical information is included in this update.,False,False,True,False,False,True,0.75,Low
V1076,P041,F087,Primary Contact,completed,Your visit has been completed.,False,False,False,False,0.5,Your care visit has been completed. No medical information is included in this update.,False,False,True,False,False,True,0.75,Low
V1496,P036,F075,Primary Contact,delayed,Your visit is delayed. ETA: 2026-09-03T12:15:00.,False,False,False,False,0.5,Your scheduled care visit is delayed. Expected arrival is approximately 2026-09-03T12:15:00. This may change due to traffic conditions. Reason: Moderate traffic is affecting travel time. No medical information is included in this update.,False,False,True,False,False,True,0.9,Low
V1262,P077,F164,Unauthorised,scheduled,Your visit is scheduled. ETA: 2026-09-08T10:33:00.,True,False,False,False,0.5,You are not authorised to receive information about this visit. Please contact the care coordinator if you believe this is in error.,False,False,True,False,False,True,0.9,Low
V1031,P087,F186,Unauthorised,delayed,Your visit is delayed. ETA: nan.,True,True,False,False,0.5,You are not authorised to receive information about this visit. Please contact the care coordinator if you believe this is in error.,False,False,True,False,True,False,0.9,Low
V1287,P059,F128,Primary Contact,completed,Your visit has been completed.,False,False,False,False,0.5,Your care visit has been completed. No medical information is included in this update.,False,False,True,False,False,True,0.75,Low
V1357,P027,F058,Unauthorised,completed,Your visit has been completed.,True,False,False,False,0.5,You are not authorised to receive information about this visit. Please contact the care coordinator if you believe this is in error.,False,False,True,False,False,True,0.9,Low
V1142,P087,F185,Primary Contact,in_progress,Your visit is in progress.,False,False,False,False,0.5,Your care visit is currently in progress. Expected arrival is approximately 2026-09-14T18:02:00. This may change due to traffic conditions. No medical information is included in this update.,False,False,True,False,False,True,0.75,Low
V1459,P040,F086,Unauthorised,completed,Your visit has been completed.,True,False,False,False,0.5,You are not authorised to receive information about this visit. Please contact the care coordinator if you believe this is in error.,False,False,True,False,False,True,0.9,Low
V1049,P022,F047,Secondary Contact,completed,Your visit has been completed.,False,False,False,False,0.5,Your care visit has been completed.,False,False,True,False,False,True,0.75,Low
V1400,P030,F063,Primary Contact,completed,Your visit has been completed.,False,False,False,False,0.5,Your care visit has been completed. No medical information is included in this update.,False,False,True,False,False,True,0.75,Low
V1303,P095,F201,Primary Contact,completed,Your visit has been completed.,False,False,False,False,0.5,Your care visit has been completed. No medical information is included in this update.,False,False,True,False,False,True,0.75,Low
V1478,P012,F028,Primary Contact,completed,Your visit has been completed.,False,False,False,False,0.5,Your care visit has been completed.,False,False,True,False,False,True,0.75,Low
V1156,P118,F259,Primary Contact,completed,Your visit has been completed.,False,False,False,False,0.5,Your care visit has been completed.,False,False,True,False,False,True,0.75,Low
V1167,P057,F124,Primary Contact,delayed,Your visit is delayed. ETA: nan.,False,True,False,False,0.5,The latest visit information could not be confirmed with confidence. Please contact the care coordinator for the most accurate update.,False,False,True,True,True,True,0.7,Low
V1464,P105,F227,Primary Contact,completed,Your visit has been completed.,False,False,False,False,0.5,The latest visit information could not be confirmed with confidence. Please contact the care coordinator for the most accurate update.,False,False,False,True,True,True,0.7,High
V1044,P089,F191,Secondary Contact,cancelled,Your visit has been cancelled.,False,False,False,False,0.6,Your care visit has been cancelled. Reason: Moderate traffic is affecting travel time. No medical information is included in this update.,False,False,True,False,False,True,0.9,Low
V1488,P102,F219,Primary Contact,cancelled,Your visit has been cancelled.,False,False,False,False,0.6,The latest visit information could not be confirmed with confidence. Please contact the care coordinator for the most accurate update.,False,False,True,True,True,True,0.7,High
V1107,P114,F251,Unauthorised,scheduled,Your visit is scheduled. ETA: 2026-09-29T13:50:00.,True,False,False,False,0.5,You are not authorised to receive information about this visit. Please contact the care coordinator if you believe this is in error.,False,False,True,False,True,False,0.9,Low
V1427,P029,F061,Secondary Contact,completed,Your visit has been completed.,False,False,False,False,0.5,Your care visit has been completed. Reason: Light traffic is affecting travel time. No medical information is included in this update.,False,False,True,False,False,True,0.85,Low
V1350,P083,F175,Primary Contact,delayed,Your visit is delayed. ETA: 2026-09-12T09:42:00.,False,False,False,False,0.5,Your scheduled care visit is delayed. Expected arrival: 2026-09-12T09:42:00. Reason: Moderate traffic is affecting travel time. No medical information is included in this update.,False,False,True,False,False,True,0.85,Low
V1105,P002,F004,Primary Contact,delayed,Your visit is delayed. ETA: 2026-09-05T17:35:00.,False,False,False,False,0.5,Your scheduled care visit is delayed. Expected arrival: 2026-09-05T17:35:00. Reason: Light traffic is affecting travel time. No medical information is included in this update.,False,False,True,False,False,True,0.85,Low
V1055,P022,F047,Secondary Contact,completed,Your visit has been completed.,False,False,False,False,0.5,Your care visit has been completed.,False,False,True,False,False,True,0.75,Medium
V1004,P070,F150,Primary Contact,delayed,Your visit is delayed. ETA: 2026-09-20T15:31:00.,False,False,False,False,0.5,Your scheduled care visit is delayed. Expected arrival is approximately 2026-09-20T15:31:00. This may change due to traffic conditions. Reason: Heavy traffic is affecting travel time.,False,False,True,False,False,True,0.9,Low
V1426,P052,F114,Unauthorised,delayed,Your visit is delayed. ETA: 2026-09-30T08:45:00.,True,False,False,False,0.5,You are not authorised to receive information about this visit. Please contact the care coordinator if you believe this is in error.,False,False,True,False,False,True,0.9,Low
V1276,P006,F012,Secondary Contact,delayed,Your visit is delayed. ETA: 2026-09-08T14:52:00.,False,False,False,False,0.5,Your scheduled care visit is delayed. Expected arrival is approximately 2026-09-08T14:52:00. This may change due to traffic conditions. Reason: Moderate traffic is affecting travel time. No medical information is included in this update.,False,False,True,False,False,True,0.9,Low
V1432,P084,F178,Primary Contact,delayed,Your visit is delayed. ETA: 2026-09-12T15:50:00.,False,False,False,False,0.5,The latest visit information could not be confirmed with confidence. Please contact the care coordinator for the most accurate update.,False,False,True,True,True,True,0.7,High
V1315,P057,F125,Primary Contact,cancelled,Your visit has been cancelled.,False,False,False,False,0.6,Your care visit has been cancelled. Reason: Moderate traffic is affecting travel time. No medical information is included in this update.,False,False,True,False,False,True,0.9,Low
V1051,P059,F128,Primary Contact,scheduled,Your visit is scheduled. ETA: 2026-09-15T17:53:00.,False,False,False,False,0.5,Your scheduled care visit is on track. Expected arrival is approximately 2026-09-15T17:53:00. This may change due to traffic conditions. No medical information is included in this update.,False,False,True,False,False,True,0.75,Low
V1018,P049,F105,Primary Contact,delayed,Your visit is delayed. ETA: 2026-09-30T15:01:00.,False,False,False,False,0.5,The latest visit information could not be confirmed with confidence. Please contact the care coordinator for the most accurate update.,False,False,True,True,True,True,0.7,High
V1022,P053,F117,Secondary Contact,in_progress,Your visit is in progress.,False,False,False,False,0.5,Your care visit is currently in progress. Expected arrival: 2026-09-05T16:35:00. No medical information is included in this update.,False,False,True,False,False,True,0.75,Low
V1159,P080,F171,Secondary Contact,delayed,Your visit is delayed. ETA: 2026-09-15T16:00:00.,False,False,False,False,0.5,Your scheduled care visit is delayed. Expected arrival: 2026-09-15T16:00:00. Reason: Light traffic is affecting travel time. No medical information is included in this update.,False,False,True,False,False,True,0.85,Low
V1482,P110,F240,Unauthorised,in_progress,Your visit is in progress.,True,False,False,False,0.5,You are not authorised to receive information about this visit. Please contact the care coordinator if you believe this is in error.,False,False,True,False,False,True,0.9,Low
V1351,P117,F256,Primary Contact,scheduled,Your visit is scheduled. ETA: 2026-09-02T08:18:00.,False,False,False,False,0.5,Your scheduled care visit is on track. Expected arrival: 2026-09-02T08:18:00. No medical information is included in this update.,False,False,True,False,False,True,0.75,Low
V1409,P016,F036,Unauthorised,delayed,Your visit is delayed. ETA: 2026-09-20T13:55:00.,True,False,False,False,0.5,You are not authorised to receive information about this visit. Please contact the care coordinator if you believe this is in error.,False,False,True,False,False,True,0.9,Low
V1399,P044,F096,Secondary Contact,delayed,Your visit is delayed. ETA: 2026-09-29T12:20:00.,False,False,False,False,0.5,Your scheduled care visit is delayed. Expected arrival: 2026-09-29T12:20:00. Reason: Light traffic is affecting travel time. No medical information is included in this update.,False,False,True,False,False,True,0.85,Low
V1165,P061,F131,Primary Contact,scheduled,Your visit is scheduled. ETA: 2026-09-28T11:17:00.,False,False,False,False,0.5,Your scheduled care visit is on track. The arrival time is currently uncertain due to traffic conditions. Please contact the care coordinator for the latest update. No medical information is included in this update.,False,False,True,False,False,True,0.75,Medium
V1477,P089,F189,Primary Contact,cancelled,Your visit has been cancelled.,False,False,False,False,0.6,Your care visit has been cancelled. Reason: Light traffic is affecting travel time. No medical information is included in this update.,False,False,True,False,False,True,0.85,Low
V1064,P028,F059,Primary Contact,completed,Your visit has been completed.,False,False,False,False,0.5,Your care visit has been completed. No medical information is included in this update.,False,False,True,False,False,True,0.75,Low
V1373,P023,F048,Primary Contact,scheduled,Your visit is scheduled. ETA: 2026-09-17T09:57:00.,False,False,False,False,0.5,Your scheduled care visit is on track. Expected arrival is approximately 2026-09-17T09:57:00. This may change due to traffic conditions. No medical information is included in this update.,False,False,True,False,False,True,0.75,Low
V1414,P112,F245,Unauthorised,completed,Your visit has been completed.,True,False,False,False,0.5,You are not authorised to receive information about this visit. Please contact the care coordinator if you believe this is in error.,False,False,True,False,False,True,0.9,Low
V1383,P063,F136,Primary Contact,delayed,Your visit is delayed. ETA: 2026-09-29T12:50:00.,False,False,False,False,0.5,Your scheduled care visit is delayed. The arrival time is currently uncertain due to traffic conditions. Please contact the care coordinator for the latest update. Reason: Heavy traffic is affecting travel time.,False,False,True,False,False,True,0.9,Medium
V1282,P010,F023,Unauthorised,cancelled,Your visit has been cancelled.,True,False,False,False,0.6,You are not authorised to receive information about this visit. Please contact the care coordinator if you believe this is in error.,False,False,True,False,True,False,0.9,Low
V1063,P113,F247,Secondary Contact,completed,Your visit has been completed.,False,False,False,False,0.5,Your care visit has been completed. No medical information is included in this update.,False,False,True,False,False,True,0.75,Low
V1317,P063,F136,Primary Contact,completed,Your visit has been completed.,False,False,False,False,0.5,Your care visit has been completed.,False,False,True,False,False,True,0.75,Low
V1088,P063,F136,Primary Contact,completed,Your visit has been completed.,False,False,False,False,0.5,Your care visit has been completed.,False,False,True,False,False,True,0.75,Low
V1308,P042,F091,Primary Contact,delayed,Your visit is delayed. ETA: 2026-09-14T15:00:00.,False,False,False,False,0.5,Your scheduled care visit is delayed. Expected arrival: 2026-09-14T15:00:00. Reason: Light traffic is affecting travel time. No medical information is included in this update.,False,False,True,False,False,True,0.85,Low
V1379,P115,F252,Primary Contact,scheduled,Your visit is scheduled. ETA: 2026-09-16T14:59:00.,False,False,False,False,0.5,Your scheduled care visit is on track. Expected arrival: 2026-09-16T14:59:00. Reason: Moderate traffic is affecting travel time. No medical information is included in this update.,False,False,True,False,False,True,0.85,Low
V1001,P003,F007,Primary Contact,delayed,Your visit is delayed. ETA: 2026-09-05T13:34:00.,False,False,False,False,0.5,Reason: Light traffic is affecting travel time. No medical information is included in this update.,False,False,True,False,False,True,0.85,Low
V1113,P029,F060,Primary Contact,cancelled,Your visit has been cancelled.,False,False,False,False,0.6,Your care visit has been cancelled. Reason: Heavy traffic is affecting travel time. No medical information is included in this update.,False,False,True,False,False,True,0.9,Low
