caregiver_id,zone
C01,West Zone
C02,Central Zone
C03,West Zone
C04,East Zone
C05,Central Zone
C06,North Zone
C07,North Zone
C08,West Zone
C09,South Zone
C10,East Zone
C11,East Zone
C12,West Zone
C13,East Zone
C14,North Zone
C15,West Zone
C16,North Zone
C17,Central Zone
C18,Central Zone
C19,South Zone
C20,East Zone
C21,Central Zone
C22,East Zone
C23,North Zone
C24,West Zone
C25,Central Zone
C26,West Zone
C27,Central Zone
C28,East Zone
C29,Central Zone
C30,Central Zone
C31,North Zone
C32,South Zone
C33,North Zone
C34,West Zone
C35,East Zone
C36,East Zone
C37,Central Zone
C38,East Zone
C39,South Zone
C40,South Zone
C41,Central Zone
C42,Central Zone
C43,West Zone
C44,Central Zone
C45,North Zone
C46,North Zone
C47,North Zone
C48,South Zone
C49,East Zone
C50,West Zone
C51,Central Zone
C52,West Zone
C53,South Zone
C54,Central Zone
C55,Central Zone
