patient_id,scheduling_updates,delay_updates,general_care_updates,medical_information,location_information,caregiver_information,consent_status,updated_at
P001,True,True,True,False,False,True,active,2026-04-29T04:46:25.608256
P002,True,True,True,False,True,False,active,2026-04-17T04:46:25.608278
P003,False,True,True,False,False,False,active,2026-07-08T04:46:25.608283
P004,True,True,True,False,True,False,active,2026-06-28T04:46:25.608286
P005,True,True,True,False,False,True,active,2026-09-29T04:46:25.608289
P006,True,True,True,False,True,True,active,2026-09-22T04:46:25.608291
P007,True,True,True,True,True,False,active,2026-07-06T04:46:25.608294
P008,True,True,True,False,True,True,active,2026-08-30T04:46:25.608297
P009,True,True,True,False,True,False,active,2026-03-31T04:46:25.608299
P010,True,True,True,False,False,True,active,2026-07-03T04:46:25.608302
P011,True,True,True,False,True,False,active,2026-07-21T04:46:25.608305
P012,True,True,False,True,False,True,active,2026-04-14T04:46:25.608307
P013,True,True,True,False,True,True,active,2026-10-01T04:46:25.608309
P014,True,True,True,False,False,False,active,2026-04-24T04:46:25.608311
P015,True,True,True,False,True,False,active,2026-05-01T04:46:25.608314
P016,True,False,True,True,True,False,active,2026-08-30T04:46:25.608316
P017,False,False,True,False,False,False,active,2026-06-27T04:46:25.608318
P018,True,True,True,True,True,True,active,2026-08-26T04:46:25.608320
P019,True,True,True,False,True,False,active,2026-04-11T04:46:25.608323
P020,True,True,True,True,False,True,active,2026-05-18T04:46:25.608325
P021,True,True,False,False,True,True,active,2026-06-10T04:46:25.608327
P022,True,True,True,True,False,False,active,2026-09-02T04:46:25.608329
P023,True,True,True,False,True,True,active,2026-08-06T04:46:25.608337
P024,True,True,True,False,True,False,active,2026-09-01T04:46:25.608339
P025,True,True,False,True,False,False,active,2026-08-05T04:46:25.608341
P026,True,False,True,False,True,False,active,2026-09-18T04:46:25.608344
P027,True,True,True,False,True,True,active,2026-09-23T04:46:25.608346
P028,True,True,True,False,True,False,active,2026-06-04T04:46:25.608348
P029,True,True,False,False,True,True,active,2026-07-14T04:46:25.608351
P030,True,False,True,False,True,False,active,2026-05-05T04:46:25.608353
P031,True,True,True,False,True,True,active,2026-04-21T04:46:25.608355
P032,True,True,True,False,True,False,active,2026-06-10T04:46:25.608358
P033,True,True,True,False,False,True,active,2026-04-12T04:46:25.608360
P034,True,False,True,False,False,True,active,2026-09-01T04:46:25.608363
P035,True,True,True,False,False,False,active,2026-04-17T04:46:25.608399
P036,True,True,True,False,False,False,active,2026-09-08T04:46:25.608405
P037,True,True,True,False,False,True,active,2026-07-02T04:46:25.608407
P038,True,True,True,False,True,True,active,2026-04-28T04:46:25.608410
P039,True,True,False,True,True,False,active,2026-08-19T04:46:25.608412
P040,True,True,True,False,False,False,active,2026-04-19T04:46:25.608415
P041,True,True,True,False,True,False,active,2026-06-19T04:46:25.608417
P042,True,True,True,False,True,False,active,2026-09-21T04:46:25.608419
P043,True,True,False,False,True,False,active,2026-05-02T04:46:25.608422
P044,True,True,True,False,True,False,active,2026-04-14T04:46:25.608424
P045,True,True,True,False,True,False,active,2026-08-13T04:46:25.608428
P046,True,True,False,False,True,False,active,2026-03-27T04:46:25.608431
P047,True,True,True,False,True,True,active,2026-07-06T04:46:25.608433
P048,True,True,False,False,True,True,active,2026-05-10T04:46:25.608435
P049,True,True,True,False,True,True,active,2026-08-22T04:46:25.608438
P050,True,True,True,True,False,True,active,2026-08-03T04:46:25.608440
P051,True,True,False,True,True,False,active,2026-03-19T04:46:25.608442
P052,True,True,False,False,True,False,active,2026-04-01T04:46:25.608444
P053,True,True,False,False,False,False,active,2026-08-26T04:46:25.608446
P054,True,True,False,False,True,True,active,2026-03-24T04:46:25.608449
P055,True,True,True,False,True,False,active,2026-04-27T04:46:25.608451
P056,True,True,True,False,True,False,active,2026-07-06T04:46:25.608454
P057,True,True,True,False,True,False,active,2026-09-11T04:46:25.608456
P058,True,True,True,False,True,True,active,2026-06-11T04:46:25.608460
P059,True,True,False,False,True,True,active,2026-06-11T04:46:25.608462
P060,True,True,True,False,True,False,active,2026-08-02T04:46:25.608464
P061,True,True,True,False,True,True,active,2026-06-27T04:46:25.608466
P062,True,True,True,False,True,False,active,2026-09-10T04:46:25.608469
P063,True,True,True,True,True,True,active,2026-08-27T04:46:25.608471
P064,True,True,False,False,True,True,active,2026-06-26T04:46:25.608473
P065,True,True,False,False,True,False,active,2026-09-02T04:46:25.608477
P066,True,True,True,False,True,True,active,2026-06-18T04:46:25.608479
P067,True,False,True,True,True,True,active,2026-08-16T04:46:25.608481
P068,True,True,False,False,False,True,active,2026-03-29T04:46:25.608483
P069,True,False,True,False,False,False,active,2026-08-24T04:46:25.608486
P070,True,True,True,True,True,False,active,2026-07-03T04:46:25.608488
P071,True,True,True,False,True,False,active,2026-05-21T04:46:25.608490
P072,True,True,True,True,False,True,active,2026-05-11T04:46:25.608492
P073,True,True,True,False,True,True,active,2026-08-14T04:46:25.608494
P074,True,True,True,False,True,False,active,2026-09-08T04:46:25.608497
P075,True,True,False,False,False,False,active,2026-05-26T04:46:25.608499
P076,True,True,True,False,True,False,active,2026-09-28T04:46:25.608501
P077,True,True,True,False,False,False,active,2026-07-15T04:46:25.608503
P078,True,True,True,False,False,False,active,2026-06-06T04:46:25.608506
P079,True,True,True,False,False,False,active,2026-07-31T04:46:25.608509
P080,True,True,True,False,True,True,active,2026-08-05T04:46:25.608511
P081,True,False,True,False,True,False,active,2026-05-30T04:46:25.608513
P082,True,False,True,False,False,False,active,2026-04-30T04:46:25.608515
P083,True,True,False,False,True,False,active,2026-05-23T04:46:25.608518
P084,True,True,True,False,True,False,active,2026-06-27T04:46:25.608521
P085,True,True,False,False,True,True,active,2026-04-27T04:46:25.608524
P086,True,True,True,False,True,False,active,2026-04-23T04:46:25.608526
P087,True,True,True,False,True,True,active,2026-09-18T04:46:25.608528
P088,True,True,False,False,True,True,active,2026-07-16T04:46:25.608530
P089,True,True,True,False,False,True,active,2026-08-17T04:46:25.608533
P090,True,True,False,False,False,True,active,2026-06-15T04:46:25.608535
P091,True,True,True,False,True,False,active,2026-05-30T04:46:25.608537
P092,True,True,True,False,True,False,active,2026-08-19T04:46:25.608539
P093,True,True,False,False,True,True,active,2026-06-17T04:46:25.608541
P094,True,True,True,False,True,True,active,2026-06-15T04:46:25.608544
P095,True,True,True,False,True,False,active,2026-03-27T04:46:25.608546
P096,True,True,False,False,True,False,active,2026-09-17T04:46:25.608548
P097,True,True,True,True,False,False,active,2026-06-11T04:46:25.608550
P098,True,True,True,False,True,False,active,2026-04-21T04:46:25.608552
P099,True,True,False,False,True,True,active,2026-09-04T04:46:25.608555
P100,True,True,True,True,False,True,active,2026-06-01T04:46:25.608557
P101,True,True,False,False,True,True,active,2026-04-13T04:46:25.608559
P102,True,True,True,False,True,False,active,2026-07-20T04:46:25.608561
P103,True,True,True,False,True,False,active,2026-09-03T04:46:25.608563
P104,True,True,True,False,True,False,active,2026-06-07T04:46:25.608565
P105,True,True,True,False,True,True,active,2026-04-03T04:46:25.608568
P106,True,True,True,False,False,False,active,2026-09-16T04:46:25.608570
P107,True,True,True,True,True,True,active,2026-08-19T04:46:25.608572
P108,True,True,True,True,True,False,active,2026-07-19T04:46:25.608574
P109,True,True,True,False,True,True,active,2026-09-14T04:46:25.608577
P110,True,True,True,False,True,False,active,2026-05-29T04:46:25.608579
P111,True,True,True,False,True,True,active,2026-07-10T04:46:25.608581
P112,True,True,True,False,False,True,active,2026-05-10T04:46:25.608583
P113,True,True,True,False,False,True,active,2026-05-18T04:46:25.608585
P114,True,True,True,False,True,False,active,2026-09-16T04:46:25.608587
P115,True,True,True,False,True,False,active,2026-04-04T04:46:25.608589
P116,True,True,True,False,True,False,active,2026-09-07T04:46:25.608591
P117,True,True,True,False,False,False,active,2026-06-28T04:46:25.608594
P118,True,True,True,True,True,True,active,2026-04-03T04:46:25.608596
P119,True,True,True,False,True,False,active,2026-09-29T04:46:25.608598
P120,True,True,True,False,True,False,active,2026-07-24T04:46:25.608600
