visit_id,patient_id,caregiver_id,scheduled_time,estimated_arrival,actual_arrival,traffic_level,travel_confidence,visit_status,exception_code,data_quality
V1001,P003,C24,2026-09-05T13:30:00,2026-09-05T13:34:00,,light,0.95,delayed,vehicle_issue,good
V1002,P081,C47,2026-09-11T09:45:00,2026-09-11T10:00:00,2026-09-11T10:02:00,moderate,0.74,completed,,good
V1003,P065,C50,2026-09-20T14:15:00,2026-09-20T14:37:00,,heavy,0.48,delayed,caregiver_unavailable,good
V1004,P070,C23,2026-09-20T15:00:00,2026-09-20T15:31:00,,heavy,0.62,delayed,caregiver_unavailable,good
V1005,P072,C51,2026-09-22T12:45:00,2026-09-22T12:46:00,2026-09-22T12:47:00,light,0.89,completed,,good
V1006,P045,C29,2026-09-24T12:30:00,2026-09-24T12:35:00,2026-09-24T12:34:00,light,0.92,completed,,good
V1007,P082,C15,2026-09-21T12:45:00,2026-09-21T12:49:00,2026-09-21T12:51:00,light,0.89,completed,,good
V1008,P061,C31,2026-09-02T09:45:00,2026-09-02T09:48:00,,light,0.86,cancelled,medical_emergency,good
V1009,P023,C03,2026-09-21T11:30:00,2026-09-21T11:35:00,2026-09-21T11:31:00,light,0.86,completed,,good
V1010,P083,C35,2026-09-27T14:45:00,2026-09-27T14:50:00,2026-09-27T14:48:00,light,0.98,completed,,good
V1011,P097,C13,2026-09-17T15:15:00,2026-09-17T15:44:00,2026-09-17T15:44:00,heavy,0.53,completed,patient_unavailable,good
V1012,P058,C49,2026-09-06T17:45:00,,,heavy,0.47,delayed,caregiver_unavailable,poor
V1013,P115,C46,2026-09-09T13:30:00,2026-09-09T13:44:00,,moderate,0.78,scheduled,,good
V1014,P117,C31,2026-09-25T12:00:00,2026-09-25T12:09:00,,moderate,0.69,delayed,route_blocked,good
V1015,P065,C13,2026-09-25T16:15:00,2026-09-25T16:49:00,,heavy,0.56,scheduled,,good
V1016,P059,C37,2026-09-19T16:15:00,2026-09-19T16:19:00,2026-09-19T16:28:00,light,0.91,completed,,good
V1017,P008,C05,2026-09-02T16:45:00,2026-09-02T17:09:00,2026-09-02T17:05:00,heavy,0.65,completed,,good
V1018,P049,C25,2026-09-30T15:00:00,2026-09-30T15:01:00,,light,0.95,delayed,medical_emergency,good
V1019,P060,C44,2026-09-03T16:15:00,2026-09-03T16:41:00,,heavy,0.55,cancelled,traffic_delay,good
V1020,P114,C02,2026-09-24T16:45:00,2026-09-24T16:53:00,2026-09-24T16:51:00,moderate,0.72,completed,vehicle_issue,good
V1021,P100,C04,2026-09-08T11:00:00,2026-09-08T11:00:00,,light,0.91,scheduled,,good
V1022,P053,C20,2026-09-05T16:30:00,2026-09-05T16:35:00,,light,0.92,in_progress,,good
V1023,P020,C20,2026-09-09T08:15:00,2026-09-09T08:26:00,,moderate,0.66,delayed,route_blocked,good
V1024,P027,C22,2026-09-13T10:45:00,2026-09-13T10:46:00,2026-09-13T10:54:00,light,0.89,completed,,good
V1025,P093,C43,2026-09-21T09:45:00,2026-09-21T10:02:00,2026-09-21T09:58:00,heavy,0.46,completed,,good
V1026,P051,C16,2026-09-18T11:45:00,2026-09-18T11:47:00,2026-09-18T11:57:00,light,0.89,completed,,good
V1027,P118,C14,2026-09-18T13:30:00,2026-09-18T13:43:00,,moderate,0.71,delayed,vehicle_issue,good
V1028,P107,C16,2026-09-12T13:45:00,2026-09-12T13:46:00,2026-09-12T13:50:00,light,0.95,completed,,good
V1029,P114,C35,2026-09-16T16:30:00,2026-09-16T16:33:00,2026-09-16T16:33:00,light,0.98,completed,,good
V1030,P048,C04,2026-09-21T08:00:00,,2026-09-21T08:19:00,heavy,0.64,completed,caregiver_unavailable,poor
V1031,P087,C28,2026-09-20T17:45:00,,,heavy,0.45,delayed,patient_unavailable,poor
V1032,P059,C37,2026-09-26T10:00:00,2026-09-26T11:03:00,,severe,0.44,delayed,medical_emergency,good
V1033,P090,C11,2026-09-08T11:30:00,2026-09-08T11:47:00,,heavy,0.64,delayed,route_blocked,good
V1034,P061,C18,2026-09-03T15:45:00,2026-09-03T15:55:00,,moderate,0.82,scheduled,,good
V1035,P119,C05,2026-09-02T09:30:00,2026-09-02T10:03:00,,heavy,0.66,in_progress,,good
V1036,P056,C15,2026-09-10T10:15:00,2026-09-10T10:26:00,2026-09-10T10:23:00,moderate,0.76,completed,,good
V1037,P049,C28,2026-09-27T09:30:00,2026-09-27T09:44:00,,moderate,0.73,delayed,medical_emergency,good
V1038,P047,C07,2026-09-06T17:45:00,2026-09-06T17:49:00,,light,0.89,delayed,vehicle_issue,good
V1039,P012,C39,2026-09-03T08:30:00,,,moderate,0.67,delayed,traffic_delay,poor
V1040,P022,C09,2026-09-20T13:45:00,2026-09-20T13:48:00,,light,0.9,cancelled,route_blocked,good
V1041,P079,C13,2026-09-09T12:30:00,2026-09-09T12:36:00,,moderate,0.71,delayed,caregiver_unavailable,good
V1042,P042,C39,2026-09-15T09:15:00,2026-09-15T09:18:00,,light,0.89,delayed,vehicle_issue,good
V1043,P047,C08,2026-10-01T11:45:00,2026-10-01T11:48:00,2026-10-01T11:50:00,light,0.98,completed,,good
V1044,P089,C05,2026-09-30T17:15:00,2026-09-30T17:28:00,,moderate,0.8,cancelled,caregiver_unavailable,good
V1045,P065,C45,2026-09-27T14:45:00,2026-09-27T14:47:00,,light,0.88,scheduled,,good
V1046,P079,C03,2026-09-14T16:00:00,2026-09-14T16:26:00,,heavy,0.6,scheduled,,good
V1047,P076,C45,2026-09-19T14:30:00,2026-09-19T15:27:00,2026-09-19T15:29:00,severe,0.42,completed,,good
V1048,P101,C14,2026-09-17T10:30:00,2026-09-17T11:30:00,,severe,0.23,cancelled,caregiver_unavailable,good
V1049,P022,C48,2026-09-17T15:30:00,2026-09-17T15:42:00,2026-09-17T15:37:00,moderate,0.74,completed,,good
V1050,P079,C13,2026-09-08T16:15:00,2026-09-08T16:25:00,,moderate,,in_progress,,poor
V1051,P059,C08,2026-09-15T17:45:00,2026-09-15T17:53:00,,moderate,0.8,scheduled,,good
V1052,P076,C06,2026-09-09T15:30:00,2026-09-09T15:44:00,,moderate,0.67,in_progress,,good
V1053,P118,C42,2026-09-22T10:30:00,2026-09-22T10:32:00,2026-09-22T10:39:00,light,0.87,completed,,good
V1054,P072,C33,2026-09-30T10:15:00,2026-09-30T10:22:00,,moderate,0.82,cancelled,medical_emergency,good
V1055,P022,C50,2026-09-21T15:45:00,2026-09-21T16:13:00,2026-09-21T16:15:00,heavy,0.49,completed,,good
V1056,P028,C28,2026-09-15T17:45:00,2026-09-15T17:51:00,,moderate,0.7,delayed,traffic_delay,good
V1057,P089,C23,2026-09-04T11:30:00,2026-09-04T11:46:00,,heavy,0.65,cancelled,caregiver_unavailable,good
V1058,P091,C19,2026-09-28T17:45:00,2026-09-28T17:46:00,,light,0.95,delayed,route_blocked,good
V1059,P111,C09,2026-09-10T17:30:00,2026-09-10T18:32:00,2026-09-10T18:28:00,severe,0.49,completed,,good
V1060,P052,C33,2026-09-08T10:30:00,2026-09-08T10:57:00,,heavy,0.52,delayed,vehicle_issue,good
V1061,P102,C35,2026-09-24T12:30:00,2026-09-24T12:42:00,2026-09-24T12:51:00,moderate,0.65,completed,,good
V1062,P006,C07,2026-09-13T11:45:00,2026-09-13T12:15:00,2026-09-13T12:25:00,heavy,0.53,completed,,good
V1063,P113,C18,2026-09-21T15:00:00,2026-09-21T15:01:00,2026-09-21T15:00:00,light,0.91,completed,,good
V1064,P028,C31,2026-09-03T13:30:00,2026-09-03T13:35:00,2026-09-03T13:37:00,light,0.97,completed,,good
V1065,P012,C47,2026-09-03T10:15:00,2026-09-03T10:27:00,,moderate,0.79,delayed,caregiver_unavailable,good
V1066,P079,C42,2026-09-26T09:00:00,2026-09-26T09:02:00,,light,0.87,cancelled,caregiver_unavailable,good
V1067,P094,C25,2026-09-06T15:30:00,2026-09-06T16:05:00,,heavy,0.6,in_progress,,good
V1068,P067,C39,2026-09-12T14:30:00,2026-09-12T14:52:00,2026-09-12T14:47:00,heavy,0.59,completed,,good
V1069,P002,C24,2026-09-17T11:45:00,2026-09-17T11:45:00,,light,0.95,in_progress,,good
V1070,P034,C14,2026-09-30T13:15:00,,,moderate,0.76,cancelled,traffic_delay,poor
V1071,P027,C52,2026-09-02T08:45:00,2026-09-02T09:00:00,2026-09-02T08:59:00,moderate,0.8,completed,,good
V1072,P056,C08,2026-09-05T16:30:00,,,moderate,0.78,delayed,caregiver_unavailable,poor
V1073,P106,C47,2026-09-15T17:00:00,2026-09-15T17:05:00,,light,0.94,scheduled,,good
V1074,P074,C41,2026-09-09T10:30:00,2026-09-09T10:32:00,,light,0.95,delayed,route_blocked,good
V1075,P066,C01,2026-09-03T15:45:00,2026-09-03T15:50:00,,moderate,0.76,scheduled,,good
V1076,P041,C18,2026-09-02T08:15:00,2026-09-02T08:17:00,2026-09-02T08:25:00,light,0.9,completed,,good
V1077,P100,C55,2026-09-27T09:30:00,2026-09-27T09:35:00,,light,0.97,cancelled,traffic_delay,good
V1078,P100,C13,2026-09-10T13:00:00,2026-09-10T13:05:00,,moderate,0.71,in_progress,,good
V1079,P095,C47,2026-09-24T16:15:00,2026-09-24T16:18:00,,light,0.85,scheduled,,good
V1080,P067,C27,2026-09-10T09:15:00,2026-09-10T09:23:00,,moderate,0.84,delayed,traffic_delay,good
V1081,P034,C55,2026-09-23T13:45:00,2026-09-23T14:20:00,2026-09-23T14:16:00,severe,0.32,completed,,good
V1082,P016,C35,2026-09-11T14:30:00,2026-09-11T14:32:00,,light,0.88,scheduled,,good
V1083,P092,C16,2026-09-12T11:45:00,2026-09-12T11:47:00,2026-09-12T11:43:00,light,0.96,completed,,good
V1084,P002,C04,2026-10-01T13:45:00,2026-10-01T14:00:00,2026-10-01T14:02:00,moderate,0.81,completed,traffic_delay,good
V1085,P116,C42,2026-09-27T11:15:00,,,light,0.9,delayed,traffic_delay,poor
V1086,P088,C28,2026-09-15T10:00:00,2026-09-15T10:51:00,,severe,,delayed,vehicle_issue,poor
V1087,P008,C06,2026-09-06T13:15:00,2026-09-06T14:02:00,,severe,0.39,in_progress,,good
V1088,P063,C23,2026-09-09T14:15:00,2026-09-09T14:30:00,2026-09-09T14:37:00,moderate,0.76,completed,,good
V1089,P030,C11,2026-09-30T17:30:00,2026-09-30T17:37:00,,moderate,0.77,delayed,medical_emergency,good
V1090,P031,C38,2026-09-04T11:15:00,2026-09-04T11:20:00,2026-09-04T11:26:00,light,0.86,completed,,good
V1091,P005,C06,2026-09-11T13:00:00,2026-09-11T13:26:00,,heavy,0.59,cancelled,medical_emergency,good
V1092,P100,C08,2026-09-02T11:15:00,2026-09-02T11:18:00,2026-09-02T11:23:00,light,0.85,completed,caregiver_unavailable,good
V1093,P082,C32,2026-09-28T16:30:00,2026-09-28T17:23:00,,severe,0.3,delayed,caregiver_unavailable,good
V1094,P023,C47,2026-09-21T13:15:00,2026-09-21T13:47:00,2026-09-21T13:47:00,heavy,0.65,completed,,good
V1095,P096,C05,2026-09-01T17:45:00,2026-09-01T18:18:00,,heavy,0.68,in_progress,,good
V1096,P101,C07,2026-09-08T13:30:00,2026-09-08T13:30:00,,light,0.96,scheduled,,good
V1097,P074,C42,2026-09-24T08:00:00,2026-09-24T08:11:00,,moderate,0.83,delayed,traffic_delay,good
V1098,P115,C06,2026-09-25T11:15:00,2026-09-25T11:20:00,,moderate,0.71,in_progress,,good
V1099,P093,C47,2026-09-11T17:45:00,2026-09-11T18:13:00,,heavy,0.67,scheduled,,good
V1100,P081,C39,2026-09-18T12:30:00,2026-09-18T12:30:00,,light,0.86,delayed,medical_emergency,good
V1101,P070,C25,2026-09-16T11:00:00,2026-09-16T11:01:00,2026-09-16T11:11:00,light,0.93,completed,,good
V1102,P045,C52,2026-09-06T13:45:00,2026-09-06T13:57:00,2026-09-06T13:56:00,moderate,0.74,completed,,good
V1103,P116,C55,2026-09-18T14:15:00,2026-09-18T14:26:00,,moderate,0.73,delayed,caregiver_unavailable,good
V1104,P106,C41,2026-09-23T08:15:00,2026-09-23T08:18:00,,light,0.87,scheduled,,good
V1105,P002,C51,2026-09-05T17:30:00,2026-09-05T17:35:00,,light,0.97,delayed,patient_unavailable,good
V1106,P112,C35,2026-09-23T17:45:00,2026-09-23T17:46:00,,light,0.87,cancelled,route_blocked,good
V1107,P114,C22,2026-09-29T13:45:00,2026-09-29T13:50:00,,light,,scheduled,,poor
V1108,P112,C15,2026-09-23T11:00:00,2026-09-23T11:23:00,,heavy,0.65,delayed,medical_emergency,good
V1109,P112,C24,2026-09-05T12:45:00,2026-09-05T13:10:00,,heavy,0.61,in_progress,,good
V1110,P032,C03,2026-09-27T08:15:00,2026-09-27T08:20:00,,light,0.92,scheduled,,good
V1111,P112,C31,2026-09-15T08:30:00,2026-09-15T08:53:00,2026-09-15T08:55:00,heavy,0.55,completed,,good
V1112,P083,C15,2026-09-19T16:30:00,2026-09-19T16:32:00,,light,0.95,in_progress,,good
V1113,P029,C17,2026-09-22T11:30:00,2026-09-22T12:01:00,,heavy,0.64,cancelled,vehicle_issue,good
V1114,P066,C43,2026-09-20T12:30:00,2026-09-20T12:41:00,,moderate,0.74,delayed,route_blocked,good
V1115,P039,C13,2026-10-01T13:30:00,2026-10-01T13:30:00,,light,0.91,delayed,vehicle_issue,good
V1116,P050,C48,2026-09-05T16:15:00,2026-09-05T16:49:00,,heavy,0.48,delayed,patient_unavailable,good
V1117,P024,C19,2026-09-02T17:15:00,2026-09-02T17:20:00,2026-09-02T17:24:00,light,0.88,completed,,good
V1118,P101,C22,2026-09-04T15:15:00,2026-09-04T15:47:00,,heavy,0.62,scheduled,,good
V1119,P049,C34,2026-09-12T12:30:00,2026-09-12T12:36:00,,moderate,0.82,scheduled,,good
V1120,P024,C50,2026-09-10T14:00:00,2026-09-10T14:19:00,,heavy,0.55,cancelled,medical_emergency,good
V1121,P079,C28,2026-09-03T15:30:00,2026-09-03T15:37:00,2026-09-03T15:37:00,moderate,0.66,completed,,good
V1122,P087,C01,2026-09-21T14:45:00,2026-09-21T14:57:00,,moderate,0.66,scheduled,,good
V1123,P068,C22,2026-09-21T11:15:00,2026-09-21T11:41:00,,heavy,0.58,scheduled,patient_unavailable,good
V1124,P028,C47,2026-09-14T10:30:00,2026-09-14T11:31:00,,severe,0.48,delayed,caregiver_unavailable,good
V1125,P014,C42,2026-09-01T17:15:00,2026-09-01T17:20:00,,light,0.93,delayed,traffic_delay,good
V1126,P013,C43,2026-09-27T08:00:00,,,heavy,0.51,in_progress,,poor
V1127,P067,C13,2026-09-17T12:15:00,2026-09-17T12:21:00,,moderate,0.77,delayed,route_blocked,good
V1128,P086,C32,2026-09-12T14:30:00,2026-09-12T14:34:00,,light,0.91,scheduled,,good
V1129,P006,C55,2026-09-05T09:00:00,2026-09-05T09:18:00,,heavy,0.56,delayed,traffic_delay,good
V1130,P035,C47,2026-09-10T13:30:00,2026-09-10T13:36:00,2026-09-10T13:36:00,moderate,0.8,completed,,good
V1131,P015,C09,2026-09-03T13:30:00,2026-09-03T13:33:00,,light,0.9,delayed,medical_emergency,good
V1132,P115,C09,2026-09-23T08:15:00,2026-09-23T08:19:00,2026-09-23T08:14:00,light,0.91,completed,,good
V1133,P067,C45,2026-09-16T15:00:00,2026-09-16T15:29:00,2026-09-16T15:31:00,heavy,0.53,completed,,good
V1134,P064,C11,2026-09-23T17:00:00,2026-09-23T17:08:00,2026-09-23T17:04:00,moderate,0.78,completed,caregiver_unavailable,good
V1135,P110,C32,2026-09-03T15:30:00,2026-09-03T15:32:00,,light,0.86,in_progress,,good
V1136,P066,C36,2026-09-15T13:00:00,2026-09-15T13:31:00,,severe,0.2,scheduled,,good
V1137,P029,C01,2026-09-07T15:30:00,2026-09-07T15:35:00,2026-09-07T15:41:00,moderate,0.82,completed,,good
V1138,P120,C55,2026-09-11T13:30:00,2026-09-11T13:40:00,2026-09-11T13:48:00,moderate,0.66,completed,,good
V1139,P065,C09,2026-09-13T11:45:00,2026-09-13T12:06:00,2026-09-13T12:04:00,heavy,0.55,completed,,good
V1140,P014,C25,2026-10-01T15:00:00,2026-10-01T15:05:00,2026-10-01T15:05:00,moderate,0.74,completed,,good
V1141,P018,C09,2026-09-22T17:30:00,2026-09-22T17:41:00,,moderate,0.77,delayed,patient_unavailable,good
V1142,P087,C09,2026-09-14T17:30:00,2026-09-14T18:02:00,,heavy,0.68,in_progress,,good
V1143,P014,C02,2026-09-23T10:30:00,2026-09-23T10:56:00,2026-09-23T11:00:00,heavy,,completed,,poor
V1144,P046,C53,2026-09-13T10:00:00,2026-09-13T10:21:00,,heavy,0.7,scheduled,patient_unavailable,good
V1145,P088,C21,2026-09-15T09:15:00,2026-09-15T09:47:00,2026-09-15T09:43:00,heavy,0.65,completed,,good
V1146,P076,C35,2026-10-01T16:00:00,2026-10-01T16:02:00,,light,0.88,in_progress,,good
V1147,P072,C17,2026-09-24T17:15:00,2026-09-24T17:36:00,,heavy,0.62,in_progress,,good
V1148,P063,C51,2026-09-05T10:30:00,2026-09-05T10:33:00,,light,0.94,scheduled,,good
V1149,P045,C15,2026-09-19T16:30:00,2026-09-19T16:35:00,,light,0.89,delayed,medical_emergency,good
V1150,P083,C40,2026-09-29T11:30:00,2026-09-29T11:32:00,2026-09-29T11:27:00,light,0.88,completed,,good
V1151,P103,C33,2026-09-30T17:15:00,2026-09-30T18:05:00,2026-09-30T18:00:00,severe,0.28,completed,,good
V1152,P027,C43,2026-09-15T15:00:00,2026-09-15T15:05:00,,light,0.88,cancelled,route_blocked,good
V1153,P043,C03,2026-09-21T11:45:00,2026-09-21T12:06:00,2026-09-21T12:03:00,heavy,0.69,completed,,good
V1154,P050,C44,2026-09-03T09:00:00,2026-09-03T09:02:00,,light,0.92,delayed,vehicle_issue,good
V1155,P039,C39,2026-09-04T16:00:00,2026-09-04T16:14:00,,moderate,0.8,delayed,route_blocked,good
V1156,P118,C51,2026-09-03T12:45:00,2026-09-03T13:00:00,2026-09-03T13:04:00,moderate,0.68,completed,,good
V1157,P116,C47,2026-09-28T13:00:00,2026-09-28T13:13:00,,moderate,0.66,delayed,traffic_delay,good
V1158,P097,C36,2026-09-12T11:45:00,2026-09-12T12:47:00,,severe,0.28,scheduled,,good
V1159,P080,C05,2026-09-15T16:00:00,2026-09-15T16:00:00,,light,0.88,delayed,vehicle_issue,good
V1160,P041,C16,2026-09-29T11:30:00,2026-09-29T11:40:00,,moderate,0.71,delayed,patient_unavailable,good
V1161,P083,C39,2026-09-26T11:45:00,2026-09-26T11:47:00,,light,0.87,delayed,patient_unavailable,good
V1162,P052,C50,2026-09-03T12:15:00,,,heavy,0.47,scheduled,,poor
V1163,P060,C33,2026-09-19T11:00:00,2026-09-19T11:13:00,,moderate,0.76,delayed,route_blocked,good
V1164,P073,C43,2026-09-17T09:45:00,2026-09-17T09:50:00,,moderate,0.82,in_progress,,good
V1165,P061,C30,2026-09-28T10:45:00,2026-09-28T11:17:00,,severe,0.31,scheduled,,good
V1166,P115,C54,2026-09-29T08:00:00,2026-09-29T08:50:00,2026-09-29T08:50:00,severe,0.28,completed,,good
V1167,P057,C11,2026-09-03T16:30:00,,,moderate,0.72,delayed,route_blocked,poor
V1168,P062,C31,2026-09-08T09:30:00,2026-09-08T09:31:00,,light,0.87,delayed,patient_unavailable,good
V1169,P119,C12,2026-09-07T17:15:00,2026-09-07T17:26:00,2026-09-07T17:22:00,moderate,0.66,completed,,good
V1170,P102,C38,2026-09-17T14:00:00,2026-09-17T14:24:00,,heavy,0.6,delayed,caregiver_unavailable,good
V1171,P117,C33,2026-09-27T10:30:00,,,light,0.89,delayed,traffic_delay,poor
V1172,P116,C39,2026-09-22T14:15:00,2026-09-22T14:22:00,,moderate,0.77,delayed,traffic_delay,good
V1173,P117,C49,2026-09-18T08:45:00,2026-09-18T08:55:00,,moderate,0.79,delayed,medical_emergency,good
V1174,P001,C37,2026-09-27T17:00:00,,2026-09-27T17:17:00,moderate,0.7,completed,,poor
V1175,P079,C18,2026-09-17T09:00:00,2026-09-17T09:08:00,2026-09-17T09:11:00,moderate,0.71,completed,,good
V1176,P018,C55,2026-09-22T14:15:00,2026-09-22T14:28:00,,moderate,0.72,delayed,patient_unavailable,good
V1177,P012,C53,2026-09-28T09:15:00,2026-09-28T09:22:00,2026-09-28T09:18:00,moderate,,completed,,poor
V1178,P077,C04,2026-09-05T15:45:00,2026-09-05T15:47:00,,light,0.88,cancelled,route_blocked,good
V1179,P084,C01,2026-10-01T10:45:00,2026-10-01T10:53:00,2026-10-01T10:55:00,moderate,0.84,completed,,good
V1180,P075,C23,2026-09-06T09:30:00,2026-09-06T09:56:00,2026-09-06T09:53:00,heavy,0.5,completed,,good
V1181,P015,C52,2026-09-12T12:15:00,2026-09-12T12:23:00,,moderate,0.73,delayed,route_blocked,good
V1182,P062,C08,2026-09-17T12:30:00,2026-09-17T12:57:00,,heavy,0.64,delayed,medical_emergency,good
V1183,P037,C06,2026-09-09T09:45:00,2026-09-09T09:53:00,,moderate,0.7,delayed,traffic_delay,good
V1184,P095,C13,2026-09-13T13:00:00,2026-09-13T13:07:00,,moderate,0.72,cancelled,vehicle_issue,good
V1185,P110,C35,2026-09-08T11:30:00,2026-09-08T11:31:00,,light,,scheduled,vehicle_issue,poor
V1186,P074,C09,2026-10-01T08:45:00,2026-10-01T08:55:00,,moderate,0.85,delayed,route_blocked,good
V1187,P089,C01,2026-09-02T16:45:00,2026-09-02T16:58:00,,moderate,0.72,delayed,traffic_delay,good
V1188,P055,C14,2026-09-01T11:45:00,2026-09-01T11:55:00,,moderate,0.82,delayed,route_blocked,good
V1189,P026,C10,2026-09-14T13:30:00,2026-09-14T13:53:00,2026-09-14T13:56:00,heavy,0.69,completed,,good
V1190,P072,C55,2026-09-26T10:45:00,2026-09-26T11:05:00,,heavy,0.67,delayed,patient_unavailable,good
V1191,P072,C52,2026-09-19T08:45:00,2026-09-19T08:46:00,,light,0.86,delayed,patient_unavailable,good
V1192,P066,C32,2026-09-09T13:00:00,2026-09-09T13:10:00,2026-09-09T13:10:00,moderate,0.84,completed,,good
V1193,P109,C05,2026-09-25T15:00:00,2026-09-25T15:09:00,,moderate,0.84,cancelled,medical_emergency,good
V1194,P022,C12,2026-09-03T10:30:00,2026-09-03T10:32:00,2026-09-03T10:38:00,light,0.93,completed,,good
V1195,P051,C34,2026-09-28T08:15:00,2026-09-28T08:38:00,,heavy,,scheduled,medical_emergency,poor
V1196,P004,C03,2026-09-25T09:00:00,2026-09-25T09:01:00,2026-09-25T09:10:00,light,0.86,completed,,good
V1197,P059,C41,2026-09-22T13:30:00,2026-09-22T13:59:00,,heavy,0.52,cancelled,vehicle_issue,good
V1198,P002,C01,2026-09-24T17:45:00,2026-09-24T18:00:00,,moderate,0.83,scheduled,,good
V1199,P001,C36,2026-09-17T10:30:00,2026-09-17T10:34:00,,light,0.85,scheduled,,good
V1200,P067,C49,2026-09-12T11:45:00,2026-09-12T12:13:00,,heavy,0.63,delayed,patient_unavailable,good
V1201,P090,C40,2026-09-26T17:30:00,2026-09-26T17:35:00,,light,0.92,scheduled,,good
V1202,P002,C32,2026-09-16T11:30:00,,,light,0.98,scheduled,,poor
V1203,P025,C54,2026-09-07T13:45:00,2026-09-07T13:48:00,2026-09-07T13:47:00,light,0.98,completed,medical_emergency,good
V1204,P027,C31,2026-09-09T14:00:00,2026-09-09T14:05:00,,light,0.88,scheduled,,good
V1205,P015,C16,2026-09-13T12:30:00,,2026-09-13T12:36:00,light,0.86,completed,,poor
V1206,P032,C11,2026-09-21T14:30:00,2026-09-21T14:32:00,2026-09-21T14:42:00,light,0.93,completed,,good
V1207,P083,C49,2026-09-16T09:30:00,2026-09-16T10:40:00,,severe,0.36,scheduled,,good
V1208,P073,C12,2026-09-12T15:15:00,2026-09-12T15:18:00,,light,0.9,delayed,patient_unavailable,good
V1209,P047,C30,2026-09-18T13:30:00,2026-09-18T13:53:00,,heavy,0.67,delayed,medical_emergency,good
V1210,P088,C32,2026-09-01T16:45:00,2026-09-01T17:00:00,,heavy,0.61,scheduled,,good
V1211,P014,C32,2026-09-25T16:15:00,2026-09-25T16:25:00,,moderate,,scheduled,,poor
V1212,P118,C14,2026-09-07T09:00:00,2026-09-07T09:11:00,,moderate,,delayed,route_blocked,poor
V1213,P068,C03,2026-09-21T15:00:00,,,moderate,0.76,delayed,vehicle_issue,poor
V1214,P023,C36,2026-09-24T09:30:00,2026-09-24T09:31:00,,light,0.97,in_progress,,good
V1215,P085,C11,2026-09-24T16:45:00,2026-09-24T17:20:00,,heavy,0.63,scheduled,,good
V1216,P099,C36,2026-09-18T17:45:00,2026-09-18T18:35:00,2026-09-18T18:40:00,severe,0.32,completed,,good
V1217,P029,C14,2026-09-30T12:30:00,2026-09-30T13:28:00,,severe,,scheduled,,poor
V1218,P114,C38,2026-09-28T13:00:00,2026-09-28T13:23:00,,heavy,0.59,scheduled,,good
V1219,P089,C45,2026-09-08T11:30:00,2026-09-08T11:47:00,,heavy,0.5,delayed,medical_emergency,good
V1220,P030,C48,2026-09-19T09:30:00,2026-09-19T09:34:00,2026-09-19T09:42:00,light,0.9,completed,,good
V1221,P094,C26,2026-09-21T17:00:00,2026-09-21T17:15:00,,moderate,0.71,scheduled,,good
V1222,P090,C09,2026-09-15T17:00:00,2026-09-15T17:02:00,2026-09-15T17:09:00,light,0.95,completed,,good
V1223,P042,C44,2026-09-25T10:45:00,2026-09-25T10:57:00,,moderate,0.76,delayed,caregiver_unavailable,good
V1224,P103,C29,2026-09-30T17:00:00,2026-09-30T17:03:00,,light,0.91,scheduled,,good
V1225,P105,C19,2026-09-20T10:45:00,2026-09-20T10:46:00,,light,0.88,scheduled,route_blocked,good
V1226,P019,C45,2026-09-01T13:00:00,2026-09-01T13:03:00,,light,0.85,delayed,patient_unavailable,good
V1227,P085,C18,2026-09-23T08:45:00,2026-09-23T09:00:00,2026-09-23T09:03:00,moderate,0.7,completed,vehicle_issue,good
V1228,P024,C13,2026-09-22T13:00:00,2026-09-22T13:05:00,,light,0.9,cancelled,medical_emergency,good
V1229,P065,C18,2026-09-17T15:00:00,2026-09-17T15:04:00,2026-09-17T15:10:00,light,0.89,completed,,good
V1230,P087,C40,2026-09-26T08:30:00,2026-09-26T08:45:00,,heavy,0.51,delayed,caregiver_unavailable,good
V1231,P026,C09,2026-09-28T11:45:00,2026-09-28T11:46:00,,light,0.91,scheduled,,good
V1232,P113,C10,2026-09-10T16:15:00,2026-09-10T16:22:00,,moderate,0.76,delayed,vehicle_issue,good
V1233,P004,C49,2026-09-24T08:30:00,2026-09-24T08:58:00,2026-09-24T09:01:00,heavy,0.64,completed,,good
V1234,P084,C24,2026-09-20T17:30:00,2026-09-20T17:44:00,2026-09-20T17:54:00,moderate,0.7,completed,,good
V1235,P026,C49,2026-09-06T14:45:00,2026-09-06T14:52:00,,moderate,0.66,delayed,medical_emergency,good
V1236,P049,C47,2026-09-07T09:15:00,,,severe,0.34,in_progress,,poor
V1237,P098,C41,2026-09-11T14:00:00,,,moderate,0.83,delayed,vehicle_issue,poor
V1238,P060,C54,2026-10-01T08:15:00,2026-10-01T08:18:00,,light,0.96,delayed,traffic_delay,good
V1239,P076,C46,2026-09-21T15:00:00,2026-09-21T15:18:00,,heavy,0.67,delayed,patient_unavailable,good
V1240,P068,C46,2026-09-29T11:45:00,2026-09-29T11:47:00,,light,0.94,scheduled,,good
V1241,P054,C20,2026-09-13T16:15:00,2026-09-13T16:26:00,2026-09-13T16:26:00,moderate,0.68,completed,,good
V1242,P078,C32,2026-09-10T15:30:00,2026-09-10T15:36:00,,moderate,0.84,scheduled,,good
V1243,P019,C55,2026-09-08T11:45:00,,2026-09-08T11:58:00,moderate,0.77,completed,caregiver_unavailable,poor
V1244,P005,C06,2026-09-02T17:30:00,2026-09-02T17:30:00,2026-09-02T17:30:00,light,0.86,completed,,good
V1245,P068,C27,2026-09-25T12:30:00,2026-09-25T12:41:00,,moderate,0.8,delayed,traffic_delay,good
V1246,P074,C40,2026-09-17T11:15:00,2026-09-17T11:21:00,2026-09-17T11:25:00,moderate,0.85,completed,,good
V1247,P081,C51,2026-09-12T10:45:00,,,moderate,,delayed,caregiver_unavailable,poor
V1248,P042,C50,2026-09-04T11:45:00,2026-09-04T11:55:00,2026-09-04T11:58:00,moderate,0.81,completed,,good
V1249,P062,C10,2026-09-01T09:30:00,2026-09-01T09:35:00,2026-09-01T09:45:00,light,0.92,completed,,good
V1250,P114,C51,2026-09-21T15:30:00,2026-09-21T15:41:00,2026-09-21T15:36:00,moderate,0.66,completed,,good
V1251,P091,C55,2026-09-12T09:15:00,2026-09-12T09:15:00,2026-09-12T09:15:00,light,0.89,completed,,good
V1252,P100,C13,2026-09-11T08:30:00,2026-09-11T08:42:00,,moderate,0.72,delayed,caregiver_unavailable,good
V1253,P106,C34,2026-09-30T09:45:00,2026-09-30T09:57:00,2026-09-30T10:01:00,moderate,0.68,completed,,good
V1254,P114,C03,2026-09-22T10:15:00,2026-09-22T10:44:00,,heavy,0.48,scheduled,,good
V1255,P021,C18,2026-09-04T16:30:00,2026-09-04T16:32:00,,light,0.93,delayed,medical_emergency,good
V1256,P007,C09,2026-09-04T08:00:00,2026-09-04T08:02:00,2026-09-04T08:02:00,light,0.92,completed,route_blocked,good
V1257,P092,C49,2026-09-01T15:00:00,2026-09-01T15:00:00,2026-09-01T15:09:00,light,0.86,completed,,good
V1258,P061,C15,2026-09-22T16:00:00,2026-09-22T16:59:00,,severe,0.41,scheduled,,good
V1259,P061,C08,2026-10-01T11:15:00,2026-10-01T11:49:00,,heavy,,delayed,patient_unavailable,poor
V1260,P069,C30,2026-09-12T15:45:00,2026-09-12T16:09:00,2026-09-12T16:07:00,heavy,0.48,completed,,good
V1261,P070,C45,2026-09-13T17:45:00,2026-09-13T17:46:00,2026-09-13T17:54:00,light,0.92,completed,,good
V1262,P077,C07,2026-09-08T10:00:00,2026-09-08T10:33:00,,heavy,0.6,scheduled,,good
V1263,P085,C10,2026-09-22T17:45:00,2026-09-22T17:50:00,,light,0.94,cancelled,vehicle_issue,good
V1264,P118,C23,2026-09-15T16:30:00,2026-09-15T16:44:00,2026-09-15T16:48:00,moderate,0.69,completed,,good
V1265,P046,C08,2026-09-03T17:00:00,,,moderate,0.68,delayed,traffic_delay,poor
V1266,P025,C36,2026-09-28T12:00:00,2026-09-28T12:05:00,,light,0.93,delayed,caregiver_unavailable,good
V1267,P104,C27,2026-09-13T13:45:00,2026-09-13T13:50:00,2026-09-13T13:58:00,light,0.87,completed,,good
V1268,P031,C46,2026-09-28T15:45:00,2026-09-28T15:57:00,,moderate,0.76,in_progress,,good
V1269,P094,C34,2026-09-17T12:45:00,2026-09-17T13:51:00,,severe,0.41,scheduled,,good
V1270,P075,C20,2026-09-28T12:45:00,2026-09-28T12:58:00,,moderate,0.67,cancelled,traffic_delay,good
V1271,P119,C39,2026-09-20T08:30:00,2026-09-20T08:35:00,,moderate,,delayed,patient_unavailable,poor
V1272,P109,C51,2026-09-24T12:30:00,2026-09-24T12:33:00,2026-09-24T12:28:00,light,0.93,completed,,good
V1273,P101,C45,2026-09-09T12:15:00,2026-09-09T12:24:00,2026-09-09T12:23:00,moderate,0.65,completed,,good
V1274,P031,C43,2026-09-08T15:15:00,2026-09-08T15:31:00,,heavy,0.49,in_progress,,good
V1275,P097,C35,2026-09-15T10:15:00,2026-09-15T10:25:00,,moderate,0.7,delayed,medical_emergency,good
V1276,P006,C07,2026-09-08T14:45:00,2026-09-08T14:52:00,,moderate,0.74,delayed,patient_unavailable,good
V1277,P096,C16,2026-09-30T16:30:00,2026-09-30T17:27:00,2026-09-30T17:30:00,severe,0.28,completed,,good
V1278,P045,C15,2026-09-24T17:15:00,2026-09-24T17:30:00,2026-09-24T17:25:00,moderate,0.69,completed,,good
V1279,P012,C55,2026-09-24T12:30:00,2026-09-24T12:30:00,,light,0.93,in_progress,,good
V1280,P059,C18,2026-09-20T10:45:00,2026-09-20T11:20:00,,heavy,0.67,delayed,medical_emergency,good
V1281,P119,C13,2026-09-25T14:30:00,2026-09-25T14:30:00,,light,0.89,delayed,patient_unavailable,good
V1282,P010,C37,2026-09-20T14:15:00,2026-09-20T14:21:00,,moderate,,cancelled,vehicle_issue,poor
V1283,P001,C33,2026-09-24T12:45:00,2026-09-24T12:48:00,,light,0.87,delayed,vehicle_issue,good
V1284,P043,C44,2026-09-23T15:45:00,2026-09-23T15:51:00,,moderate,0.65,delayed,route_blocked,good
V1285,P006,C25,2026-09-10T14:00:00,2026-09-10T14:15:00,,moderate,0.76,delayed,patient_unavailable,good
V1286,P063,C25,2026-09-22T11:30:00,2026-09-22T11:48:00,2026-09-22T11:47:00,heavy,0.47,completed,traffic_delay,good
V1287,P059,C44,2026-09-03T16:30:00,2026-09-03T16:42:00,2026-09-03T16:49:00,moderate,0.65,completed,,good
V1288,P017,C01,2026-09-28T16:15:00,,,heavy,0.49,delayed,route_blocked,poor
V1289,P103,C13,2026-09-06T08:30:00,2026-09-06T08:48:00,,heavy,0.6,scheduled,,good
V1290,P054,C11,2026-09-14T13:45:00,2026-09-14T13:50:00,2026-09-14T13:50:00,light,0.92,completed,,good
V1291,P119,C06,2026-09-23T13:15:00,2026-09-23T13:29:00,2026-09-23T13:24:00,moderate,,completed,,poor
V1292,P024,C46,2026-09-23T17:30:00,2026-09-23T17:42:00,,moderate,,delayed,caregiver_unavailable,poor
V1293,P070,C33,2026-09-16T17:00:00,2026-09-16T17:09:00,,moderate,0.65,delayed,traffic_delay,good
V1294,P083,C24,2026-09-08T15:15:00,2026-09-08T15:16:00,,light,0.86,delayed,caregiver_unavailable,good
V1295,P066,C08,2026-09-10T11:45:00,2026-09-10T11:49:00,,light,,cancelled,caregiver_unavailable,poor
V1296,P026,C25,2026-09-03T11:45:00,2026-09-03T11:55:00,,moderate,0.8,scheduled,,good
V1297,P046,C18,2026-09-29T11:00:00,2026-09-29T11:12:00,,moderate,0.74,in_progress,,good
V1298,P102,C51,2026-09-07T13:15:00,2026-09-07T13:19:00,,light,0.86,in_progress,,good
V1299,P002,C47,2026-09-21T17:15:00,2026-09-21T17:28:00,,moderate,0.67,cancelled,route_blocked,good
V1300,P099,C33,2026-09-14T11:15:00,,2026-09-14T11:27:00,light,0.88,completed,,poor
V1301,P012,C02,2026-09-02T14:45:00,2026-09-02T14:51:00,2026-09-02T14:52:00,moderate,0.7,completed,,good
V1302,P091,C41,2026-09-16T12:15:00,2026-09-16T12:48:00,2026-09-16T12:55:00,heavy,0.56,completed,,good
V1303,P095,C04,2026-09-01T09:45:00,2026-09-01T10:10:00,2026-09-01T10:11:00,heavy,0.64,completed,,good
V1304,P084,C31,2026-09-17T13:00:00,2026-09-17T13:02:00,2026-09-17T13:03:00,light,0.91,completed,,good
V1305,P107,C08,2026-09-24T17:15:00,2026-09-24T17:37:00,,heavy,0.58,scheduled,,good
V1306,P115,C12,2026-09-16T16:30:00,2026-09-16T16:40:00,,moderate,0.84,scheduled,,good
V1307,P061,C23,2026-09-10T09:00:00,2026-09-10T09:00:00,2026-09-10T09:04:00,light,0.94,completed,,good
V1308,P042,C32,2026-09-14T15:00:00,2026-09-14T15:00:00,,light,0.85,delayed,route_blocked,good
V1309,P046,C19,2026-09-19T16:45:00,2026-09-19T16:59:00,,moderate,0.81,delayed,patient_unavailable,good
V1310,P017,C29,2026-09-15T10:15:00,,2026-09-15T10:39:00,heavy,0.63,completed,,poor
V1311,P004,C26,2026-09-09T13:15:00,2026-09-09T13:20:00,,light,0.85,delayed,caregiver_unavailable,good
V1312,P074,C43,2026-09-30T15:15:00,2026-09-30T16:05:00,2026-09-30T16:09:00,severe,0.35,completed,,good
V1313,P046,C06,2026-09-05T17:45:00,2026-09-05T17:45:00,,light,0.95,delayed,medical_emergency,good
V1314,P078,C39,2026-09-11T08:15:00,2026-09-11T08:23:00,2026-09-11T08:20:00,moderate,0.8,completed,,good
V1315,P057,C48,2026-09-17T08:30:00,2026-09-17T08:41:00,,moderate,0.72,cancelled,route_blocked,good
V1316,P068,C22,2026-09-14T15:30:00,2026-09-14T15:35:00,2026-09-14T15:32:00,light,0.98,completed,,good
V1317,P063,C03,2026-09-03T17:45:00,2026-09-03T17:48:00,2026-09-03T17:47:00,light,0.93,completed,,good
V1318,P023,C32,2026-09-27T12:30:00,2026-09-27T12:42:00,2026-09-27T12:52:00,moderate,0.81,completed,,good
V1319,P061,C45,2026-09-30T11:00:00,2026-09-30T11:02:00,,light,0.91,delayed,medical_emergency,good
V1320,P035,C24,2026-09-27T09:30:00,2026-09-27T09:44:00,,moderate,0.7,delayed,vehicle_issue,good
V1321,P088,C52,2026-09-14T13:00:00,2026-09-14T13:04:00,2026-09-14T13:04:00,light,0.93,completed,,good
V1322,P020,C33,2026-09-10T12:30:00,2026-09-10T12:34:00,2026-09-10T12:42:00,light,0.9,completed,,good
V1323,P098,C22,2026-09-08T11:00:00,2026-09-08T11:06:00,2026-09-08T11:05:00,moderate,0.68,completed,,good
V1324,P101,C08,2026-09-06T12:00:00,2026-09-06T12:18:00,,heavy,0.49,scheduled,,good
V1325,P002,C49,2026-09-03T08:45:00,,,heavy,0.61,delayed,patient_unavailable,poor
V1326,P065,C50,2026-09-04T09:15:00,2026-09-04T09:23:00,,moderate,0.72,cancelled,route_blocked,good
V1327,P093,C07,2026-09-24T17:15:00,2026-09-24T17:21:00,,moderate,0.77,in_progress,,good
V1328,P015,C49,2026-09-30T11:45:00,2026-09-30T11:59:00,,moderate,0.78,cancelled,medical_emergency,good
V1329,P095,C20,2026-09-11T09:45:00,2026-09-11T09:46:00,,light,0.91,scheduled,,good
V1330,P014,C26,2026-09-22T15:15:00,2026-09-22T15:24:00,2026-09-22T15:30:00,moderate,0.74,completed,,good
V1331,P026,C39,2026-09-15T16:00:00,2026-09-15T16:03:00,,light,0.9,cancelled,traffic_delay,good
V1332,P086,C39,2026-09-28T14:00:00,2026-09-28T14:03:00,,light,0.94,delayed,vehicle_issue,good
V1333,P087,C02,2026-10-01T14:45:00,,2026-10-01T14:51:00,moderate,0.67,completed,vehicle_issue,poor
V1334,P063,C33,2026-09-06T14:30:00,2026-09-06T14:34:00,,light,0.93,delayed,medical_emergency,good
V1335,P057,C30,2026-09-09T16:30:00,2026-09-09T17:02:00,,heavy,0.46,cancelled,medical_emergency,good
V1336,P071,C44,2026-09-02T08:15:00,2026-09-02T08:24:00,,moderate,0.68,delayed,traffic_delay,good
V1337,P076,C03,2026-09-18T17:45:00,2026-09-18T17:52:00,2026-09-18T17:58:00,moderate,0.73,completed,,good
V1338,P032,C16,2026-09-05T13:30:00,2026-09-05T14:03:00,,heavy,0.54,delayed,patient_unavailable,good
V1339,P054,C18,2026-09-08T12:00:00,2026-09-08T12:34:00,,severe,0.36,scheduled,,good
V1340,P044,C11,2026-09-01T15:00:00,2026-09-01T15:54:00,2026-09-01T15:55:00,severe,0.35,completed,,good
V1341,P074,C26,2026-09-20T12:30:00,2026-09-20T13:12:00,,severe,0.45,delayed,patient_unavailable,good
V1342,P106,C20,2026-09-26T11:00:00,2026-09-26T11:33:00,,heavy,0.47,delayed,caregiver_unavailable,good
V1343,P024,C37,2026-09-17T12:45:00,2026-09-17T13:10:00,2026-09-17T13:10:00,heavy,0.61,completed,,good
V1344,P020,C48,2026-09-16T11:45:00,2026-09-16T11:50:00,2026-09-16T11:46:00,light,0.92,completed,,good
V1345,P020,C13,2026-09-22T12:45:00,2026-09-22T12:51:00,,moderate,0.82,in_progress,,good
V1346,P085,C36,2026-09-01T11:30:00,2026-09-01T11:43:00,,moderate,0.73,delayed,traffic_delay,good
V1347,P114,C06,2026-09-06T08:45:00,2026-09-06T09:01:00,,heavy,0.6,cancelled,medical_emergency,good
V1348,P099,C52,2026-09-13T10:15:00,2026-09-13T10:20:00,2026-09-13T10:23:00,light,0.92,completed,,good
V1349,P063,C35,2026-09-11T13:45:00,2026-09-11T14:07:00,,heavy,0.48,delayed,medical_emergency,good
V1350,P083,C39,2026-09-12T09:30:00,2026-09-12T09:42:00,,moderate,0.84,delayed,vehicle_issue,good
V1351,P117,C26,2026-09-02T08:15:00,2026-09-02T08:18:00,,light,0.89,scheduled,,good
V1352,P111,C06,2026-09-30T12:30:00,2026-09-30T12:31:00,,light,,delayed,vehicle_issue,poor
V1353,P095,C21,2026-09-27T15:45:00,2026-09-27T16:10:00,2026-09-27T16:07:00,heavy,0.66,completed,,good
V1354,P092,C50,2026-09-15T08:00:00,2026-09-15T08:07:00,2026-09-15T08:12:00,moderate,0.81,completed,,good
V1355,P024,C26,2026-09-27T10:45:00,2026-09-27T11:10:00,2026-09-27T11:15:00,heavy,0.48,completed,,good
V1356,P007,C26,2026-09-29T14:15:00,2026-09-29T14:15:00,,light,0.97,cancelled,caregiver_unavailable,good
V1357,P027,C13,2026-09-20T14:30:00,2026-09-20T14:32:00,2026-09-20T14:41:00,light,0.87,completed,,good
V1358,P102,C10,2026-10-01T12:30:00,2026-10-01T12:57:00,,heavy,0.6,delayed,vehicle_issue,good
V1359,P088,C14,2026-09-01T12:30:00,2026-09-01T12:33:00,,light,0.97,scheduled,,good
V1360,P103,C39,2026-09-23T14:45:00,2026-09-23T15:08:00,,heavy,0.46,delayed,patient_unavailable,good
V1361,P120,C22,2026-09-23T08:00:00,2026-09-23T08:04:00,2026-09-23T08:00:00,light,0.9,completed,,good
V1362,P119,C28,2026-09-29T15:15:00,2026-09-29T15:20:00,,light,0.92,scheduled,,good
V1363,P007,C13,2026-09-10T12:30:00,2026-09-10T12:41:00,,moderate,0.71,in_progress,,good
V1364,P072,C32,2026-09-05T08:15:00,2026-09-05T08:18:00,,light,0.88,cancelled,traffic_delay,good
V1365,P075,C14,2026-09-15T15:00:00,2026-09-15T15:19:00,,heavy,0.67,in_progress,,good
V1366,P119,C07,2026-09-19T08:15:00,2026-09-19T08:21:00,,moderate,0.75,delayed,vehicle_issue,good
V1367,P058,C21,2026-09-27T13:15:00,,2026-09-27T13:13:00,light,0.96,completed,,poor
V1368,P023,C16,2026-10-01T17:15:00,2026-10-01T17:15:00,,light,0.95,delayed,route_blocked,good
V1369,P118,C20,2026-10-01T14:00:00,2026-10-01T14:01:00,2026-10-01T13:59:00,light,0.87,completed,,good
V1370,P055,C52,2026-09-29T17:15:00,2026-09-29T17:21:00,,moderate,0.75,delayed,route_blocked,good
V1371,P011,C19,2026-09-12T17:15:00,2026-09-12T17:26:00,2026-09-12T17:25:00,moderate,0.75,completed,,good
V1372,P118,C03,2026-09-15T14:00:00,2026-09-15T15:00:00,,severe,0.29,in_progress,,good
V1373,P023,C51,2026-09-17T09:45:00,2026-09-17T09:57:00,,moderate,0.76,scheduled,,good
V1374,P028,C12,2026-09-06T14:00:00,2026-09-06T14:05:00,2026-09-06T14:08:00,light,0.89,completed,,good
V1375,P078,C47,2026-09-03T17:30:00,2026-09-03T17:48:00,2026-09-03T17:57:00,heavy,0.55,completed,,good
V1376,P084,C16,2026-09-16T12:30:00,2026-09-16T12:57:00,2026-09-16T12:58:00,heavy,0.48,completed,,good
V1377,P075,C16,2026-09-14T16:15:00,2026-09-14T16:18:00,2026-09-14T16:27:00,light,0.87,completed,,good
V1378,P038,C03,2026-09-07T12:45:00,2026-09-07T12:45:00,,light,0.86,delayed,route_blocked,good
V1379,P115,C42,2026-09-16T14:45:00,2026-09-16T14:59:00,,moderate,0.83,scheduled,route_blocked,good
V1380,P117,C44,2026-09-14T15:00:00,2026-09-14T15:15:00,,moderate,0.79,in_progress,,good
V1381,P080,C14,2026-09-11T17:45:00,2026-09-11T17:47:00,2026-09-11T17:53:00,light,0.94,completed,,good
V1382,P003,C23,2026-09-10T09:45:00,2026-09-10T09:46:00,,light,0.87,delayed,caregiver_unavailable,good
V1383,P063,C17,2026-09-29T12:30:00,2026-09-29T12:50:00,,heavy,0.46,delayed,route_blocked,good
V1384,P108,C49,2026-09-11T13:00:00,2026-09-11T13:32:00,2026-09-11T13:28:00,heavy,0.62,completed,,good
V1385,P065,C32,2026-09-04T09:00:00,2026-09-04T09:16:00,,heavy,0.48,delayed,vehicle_issue,good
V1386,P065,C11,2026-09-24T09:15:00,2026-09-24T09:25:00,2026-09-24T09:20:00,moderate,0.67,completed,,good
V1387,P118,C27,2026-09-03T12:30:00,2026-09-03T12:58:00,,heavy,0.49,delayed,caregiver_unavailable,good
V1388,P008,C26,2026-09-29T15:30:00,2026-09-29T16:28:00,,severe,0.48,scheduled,,good
V1389,P071,C20,2026-09-25T08:15:00,2026-09-25T08:48:00,,severe,0.46,cancelled,medical_emergency,good
V1390,P052,C50,2026-09-24T13:30:00,2026-09-24T13:32:00,2026-09-24T13:41:00,light,0.97,completed,,good
V1391,P067,C22,2026-09-07T12:00:00,2026-09-07T12:02:00,,light,0.9,delayed,caregiver_unavailable,good
V1392,P034,C41,2026-09-25T10:00:00,2026-09-25T10:04:00,,light,0.93,cancelled,traffic_delay,good
V1393,P073,C46,2026-09-17T13:00:00,2026-09-17T13:05:00,,light,0.97,delayed,caregiver_unavailable,good
V1394,P075,C13,2026-09-29T16:15:00,2026-09-29T16:24:00,,moderate,0.81,delayed,vehicle_issue,good
V1395,P052,C38,2026-09-27T13:45:00,2026-09-27T13:50:00,,light,0.91,scheduled,,good
V1396,P017,C32,2026-09-18T16:45:00,2026-09-18T17:18:00,,heavy,0.56,delayed,medical_emergency,good
V1397,P015,C08,2026-09-23T15:15:00,2026-09-23T16:17:00,2026-09-23T16:23:00,severe,0.34,completed,,good
V1398,P120,C20,2026-09-12T17:30:00,2026-09-12T17:31:00,,light,0.87,scheduled,,good
V1399,P044,C51,2026-09-29T12:15:00,2026-09-29T12:20:00,,light,0.91,delayed,route_blocked,good
V1400,P030,C26,2026-09-13T15:15:00,2026-09-13T15:46:00,2026-09-13T15:43:00,heavy,0.62,completed,,good
V1401,P025,C40,2026-09-11T16:00:00,2026-09-11T16:58:00,2026-09-11T17:02:00,severe,0.41,completed,,good
V1402,P027,C16,2026-09-18T17:00:00,2026-09-18T18:03:00,,severe,0.24,cancelled,caregiver_unavailable,good
V1403,P041,C25,2026-09-27T17:45:00,2026-09-27T17:49:00,,light,0.93,scheduled,,good
V1404,P042,C12,2026-09-09T09:00:00,2026-09-09T10:04:00,,severe,0.23,delayed,medical_emergency,good
V1405,P064,C33,2026-09-01T08:30:00,2026-09-01T08:40:00,2026-09-01T08:36:00,moderate,0.83,completed,,good
V1406,P071,C38,2026-09-25T16:45:00,2026-09-25T17:32:00,,severe,,delayed,caregiver_unavailable,poor
V1407,P022,C51,2026-09-22T09:15:00,2026-09-22T09:50:00,2026-09-22T09:51:00,heavy,0.55,completed,,good
V1408,P062,C18,2026-09-08T16:45:00,,,severe,0.45,delayed,caregiver_unavailable,poor
V1409,P016,C54,2026-09-20T12:45:00,2026-09-20T13:55:00,,severe,0.25,delayed,traffic_delay,good
V1410,P035,C16,2026-09-05T16:30:00,2026-09-05T16:51:00,,heavy,0.53,delayed,patient_unavailable,good
V1411,P115,C45,2026-09-22T13:30:00,2026-09-22T13:34:00,2026-09-22T13:29:00,light,0.89,completed,,good
V1412,P106,C39,2026-09-23T15:45:00,2026-09-23T16:00:00,,moderate,0.76,delayed,traffic_delay,good
V1413,P105,C40,2026-09-12T14:15:00,2026-09-12T14:30:00,2026-09-12T14:33:00,heavy,0.5,completed,,good
V1414,P112,C18,2026-09-21T12:15:00,2026-09-21T12:18:00,2026-09-21T12:13:00,light,0.98,completed,,good
V1415,P073,C55,2026-09-19T16:45:00,2026-09-19T16:46:00,,light,0.94,scheduled,,good
V1416,P007,C55,2026-09-08T16:30:00,2026-09-08T16:35:00,2026-09-08T16:44:00,light,0.85,completed,medical_emergency,good
V1417,P051,C13,2026-10-01T13:45:00,2026-10-01T14:13:00,2026-10-01T14:15:00,heavy,0.57,completed,medical_emergency,good
V1418,P062,C28,2026-09-11T09:00:00,2026-09-11T09:44:00,,severe,0.27,in_progress,,good
V1419,P080,C29,2026-09-26T08:30:00,2026-09-26T08:52:00,,heavy,0.54,delayed,caregiver_unavailable,good
V1420,P056,C05,2026-09-25T09:45:00,,2026-09-25T09:50:00,moderate,0.83,completed,medical_emergency,poor
V1421,P080,C40,2026-09-04T08:00:00,2026-09-04T08:03:00,2026-09-04T07:58:00,light,0.9,completed,,good
V1422,P046,C27,2026-09-04T13:00:00,2026-09-04T13:10:00,2026-09-04T13:11:00,moderate,0.67,completed,,good
V1423,P100,C10,2026-09-16T17:45:00,2026-09-16T17:46:00,,light,0.95,cancelled,patient_unavailable,good
V1424,P055,C23,2026-09-05T15:30:00,2026-09-05T15:39:00,,moderate,0.65,scheduled,,good
V1425,P059,C51,2026-09-07T11:15:00,2026-09-07T11:40:00,2026-09-07T11:45:00,heavy,0.62,completed,,good
V1426,P052,C12,2026-09-30T08:45:00,2026-09-30T08:45:00,,light,0.93,delayed,patient_unavailable,good
V1427,P029,C17,2026-09-27T08:30:00,2026-09-27T08:32:00,2026-09-27T08:38:00,light,0.85,completed,traffic_delay,good
V1428,P015,C22,2026-09-24T10:30:00,2026-09-24T10:52:00,,heavy,0.66,scheduled,,good
V1429,P019,C09,2026-09-30T11:30:00,2026-09-30T11:40:00,,moderate,0.78,cancelled,medical_emergency,good
V1430,P032,C04,2026-09-26T11:15:00,2026-09-26T11:25:00,2026-09-26T11:26:00,moderate,0.74,completed,,good
V1431,P097,C33,2026-09-21T12:15:00,2026-09-21T12:48:00,2026-09-21T12:45:00,heavy,0.47,completed,,good
V1432,P084,C03,2026-09-12T15:45:00,2026-09-12T15:50:00,,light,0.9,delayed,medical_emergency,good
V1433,P097,C06,2026-09-07T11:15:00,2026-09-07T11:23:00,,moderate,0.71,cancelled,patient_unavailable,good
V1434,P023,C29,2026-09-10T15:30:00,2026-09-10T15:30:00,,light,0.91,delayed,medical_emergency,good
V1435,P005,C35,2026-09-08T12:00:00,2026-09-08T12:06:00,,moderate,0.75,delayed,caregiver_unavailable,good
V1436,P117,C17,2026-09-07T13:15:00,2026-09-07T13:38:00,2026-09-07T13:37:00,heavy,0.62,completed,,good
V1437,P027,C31,2026-09-01T12:30:00,2026-09-01T12:57:00,2026-09-01T12:56:00,heavy,0.64,completed,,good
V1438,P072,C02,2026-09-08T16:45:00,2026-09-08T17:14:00,,heavy,0.66,cancelled,medical_emergency,good
V1439,P089,C35,2026-09-12T10:15:00,2026-09-12T10:20:00,,light,0.85,delayed,vehicle_issue,good
V1440,P069,C25,2026-09-10T13:00:00,2026-09-10T13:05:00,2026-09-10T13:12:00,moderate,0.68,completed,,good
V1441,P026,C05,2026-09-07T15:00:00,2026-09-07T15:03:00,,light,,in_progress,,poor
V1442,P015,C09,2026-09-30T14:30:00,2026-09-30T14:32:00,,light,0.94,in_progress,,good
V1443,P074,C20,2026-09-18T14:45:00,2026-09-18T15:12:00,,heavy,0.48,delayed,vehicle_issue,good
V1444,P060,C37,2026-09-19T11:45:00,2026-09-19T11:45:00,,light,0.98,in_progress,,good
V1445,P056,C30,2026-09-02T09:30:00,2026-09-02T09:42:00,2026-09-02T09:42:00,moderate,0.82,completed,,good
V1446,P028,C32,2026-09-13T10:00:00,2026-09-13T10:05:00,,moderate,0.82,delayed,traffic_delay,good
V1447,P082,C45,2026-09-14T16:00:00,,,severe,,in_progress,,poor
V1448,P060,C05,2026-09-22T15:45:00,2026-09-22T15:48:00,,light,0.96,cancelled,patient_unavailable,good
V1449,P051,C11,2026-09-03T16:15:00,2026-09-03T16:44:00,,heavy,0.66,scheduled,,good
V1450,P083,C43,2026-09-03T08:30:00,2026-09-03T08:32:00,,light,0.87,delayed,traffic_delay,good
V1451,P003,C27,2026-09-23T09:45:00,2026-09-23T10:14:00,,heavy,0.64,cancelled,patient_unavailable,good
V1452,P042,C21,2026-09-01T08:30:00,2026-09-01T08:47:00,,heavy,0.65,in_progress,,good
V1453,P059,C15,2026-09-18T11:15:00,2026-09-18T12:10:00,,severe,0.31,in_progress,,good
V1454,P081,C45,2026-09-03T12:30:00,2026-09-03T12:31:00,2026-09-03T12:31:00,light,0.9,completed,,good
V1455,P076,C46,2026-09-13T10:30:00,2026-09-13T10:35:00,2026-09-13T10:44:00,light,0.89,completed,,good
V1456,P027,C42,2026-09-01T11:00:00,2026-09-01T11:06:00,,moderate,0.8,scheduled,,good
V1457,P109,C47,2026-09-02T11:45:00,2026-09-02T12:10:00,2026-09-02T12:18:00,heavy,,completed,,poor
V1458,P009,C32,2026-09-11T13:15:00,2026-09-11T13:15:00,2026-09-11T13:22:00,light,0.97,completed,,good
V1459,P040,C11,2026-09-03T11:00:00,2026-09-03T11:07:00,2026-09-03T11:08:00,moderate,0.68,completed,,good
V1460,P051,C25,2026-09-24T11:15:00,2026-09-24T11:29:00,,moderate,0.71,delayed,medical_emergency,good
V1461,P118,C20,2026-09-06T15:45:00,2026-09-06T15:59:00,,moderate,0.8,scheduled,,good
V1462,P118,C13,2026-09-20T16:15:00,2026-09-20T16:22:00,2026-09-20T16:19:00,moderate,0.74,completed,,good
V1463,P050,C37,2026-09-01T08:30:00,,2026-09-01T08:38:00,moderate,0.84,completed,,poor
V1464,P105,C24,2026-09-06T11:45:00,2026-09-06T12:37:00,2026-09-06T12:45:00,severe,,completed,,poor
V1465,P051,C46,2026-09-21T08:15:00,2026-09-21T08:18:00,2026-09-21T08:18:00,light,0.97,completed,traffic_delay,good
V1466,P119,C47,2026-09-19T09:15:00,2026-09-19T09:35:00,2026-09-19T09:42:00,heavy,0.53,completed,,good
V1467,P009,C50,2026-09-28T09:00:00,2026-09-28T09:10:00,2026-09-28T09:05:00,moderate,,completed,,poor
V1468,P024,C13,2026-09-23T14:45:00,2026-09-23T15:13:00,,heavy,0.63,in_progress,,good
V1469,P075,C16,2026-09-02T10:15:00,2026-09-02T10:18:00,,light,0.91,scheduled,traffic_delay,good
V1470,P098,C18,2026-09-16T15:00:00,,,light,0.95,scheduled,,poor
V1471,P046,C22,2026-09-30T15:45:00,2026-09-30T16:19:00,2026-09-30T16:25:00,heavy,0.67,completed,,good
V1472,P058,C40,2026-09-26T09:00:00,2026-09-26T09:11:00,2026-09-26T09:14:00,moderate,0.83,completed,,good
V1473,P087,C29,2026-09-22T15:45:00,2026-09-22T16:00:00,,heavy,0.65,delayed,traffic_delay,good
V1474,P094,C25,2026-09-08T17:45:00,2026-09-08T17:59:00,,moderate,0.72,delayed,vehicle_issue,good
V1475,P071,C30,2026-09-10T17:15:00,2026-09-10T17:46:00,,heavy,0.63,delayed,traffic_delay,good
V1476,P119,C21,2026-09-06T15:00:00,2026-09-06T15:13:00,,moderate,0.69,scheduled,,good
V1477,P089,C22,2026-09-29T14:30:00,2026-09-29T14:32:00,,light,0.94,cancelled,vehicle_issue,good
V1478,P012,C08,2026-09-28T11:00:00,2026-09-28T11:11:00,2026-09-28T11:19:00,moderate,0.8,completed,,good
V1479,P055,C21,2026-09-03T13:15:00,2026-09-03T13:33:00,2026-09-03T13:37:00,heavy,0.53,completed,route_blocked,good
V1480,P059,C10,2026-09-25T13:15:00,2026-09-25T13:29:00,,moderate,0.67,delayed,patient_unavailable,good
V1481,P028,C32,2026-09-20T12:15:00,2026-09-20T12:31:00,,heavy,0.7,cancelled,vehicle_issue,good
V1482,P110,C32,2026-09-10T14:00:00,2026-09-10T14:51:00,,severe,0.48,in_progress,,good
V1483,P037,C19,2026-09-24T14:30:00,2026-09-24T15:10:00,,severe,0.4,cancelled,medical_emergency,good
V1484,P062,C19,2026-09-23T11:45:00,2026-09-23T11:47:00,2026-09-23T11:56:00,light,0.95,completed,,good
V1485,P055,C44,2026-09-29T10:15:00,2026-09-29T10:20:00,,light,0.88,scheduled,,good
V1486,P031,C26,2026-09-27T10:00:00,2026-09-27T10:03:00,2026-09-27T10:02:00,light,,completed,,poor
V1487,P057,C24,2026-09-16T12:15:00,2026-09-16T12:42:00,,heavy,0.62,delayed,vehicle_issue,good
V1488,P102,C38,2026-09-01T09:00:00,2026-09-01T09:03:00,,light,0.93,cancelled,medical_emergency,good
V1489,P105,C35,2026-09-06T14:45:00,2026-09-06T15:42:00,2026-09-06T15:42:00,severe,0.41,completed,,good
V1490,P089,C12,2026-09-26T16:45:00,2026-09-26T16:49:00,,light,0.92,in_progress,,good
V1491,P039,C24,2026-09-01T16:45:00,2026-09-01T17:03:00,,heavy,0.61,delayed,traffic_delay,good
V1492,P117,C23,2026-10-01T16:15:00,2026-10-01T16:30:00,2026-10-01T16:39:00,moderate,0.71,completed,,good
V1493,P036,C09,2026-09-20T16:15:00,2026-09-20T16:31:00,,heavy,0.52,cancelled,route_blocked,good
V1494,P069,C14,2026-09-24T17:45:00,2026-09-24T17:47:00,,light,0.88,cancelled,vehicle_issue,good
V1495,P078,C16,2026-09-03T12:15:00,2026-09-03T12:48:00,,heavy,,in_progress,,poor
V1496,P036,C01,2026-09-03T12:00:00,2026-09-03T12:15:00,,moderate,0.66,delayed,patient_unavailable,good
V1497,P071,C18,2026-09-04T14:15:00,2026-09-04T14:21:00,2026-09-04T14:31:00,moderate,0.67,completed,patient_unavailable,good
V1498,P066,C46,2026-09-20T09:00:00,2026-09-20T09:03:00,2026-09-20T09:10:00,light,,completed,,poor
V1499,P046,C52,2026-09-05T10:15:00,2026-09-05T10:24:00,,moderate,0.8,in_progress,,good
V1500,P012,C41,2026-09-15T16:30:00,2026-09-15T16:33:00,2026-09-15T16:30:00,light,0.92,completed,,good
